"Military expenditure by country, in constant (2024) US$ m., 1949–2025   © SIPRI 2026",,,,,,,,,,,,,,,,,,,,,,,,,,,,,,,,,,,,,,,,,,,,,,,,,,,,,,,,,,,,,,,,,,,,,,,,,,,,,,,
"Figures are in US $m., at constant 2024 prices and exchange rates.",,,,,,,,,,,,,,,,,,,,,,,,,,,,,,,,,,,,,,,,,,,,,,,,,,,,,,,,,,,,,,,,,,,,,,,,,,,,,,,
Figures in blue are SIPRI estimates. Figures in red indicate highly uncertain data.,,,,,,,,,,,,,,,,,,,,,,,,,,,,,,,,,,,,,,,,,,,,,,,,,,,,,,,,,,,,,,,,,,,,,,,,,,,,,,,
"""..."" = data unavailable. ""xxx"" = country did not exist or was not independent during all or part of the year in question.",,,,,,,,,,,,,,,,,,,,,,,,,,,,,,,,,,,,,,,,,,,,,,,,,,,,,,,,,,,,,,,,,,,,,,,,,,,,,,,
,,,,,,,,,,,,,,,,,,,,,,,,,,,,,,,,,,,,,,,,,,,,,,,,,,,,,,,,,,,,,,,,,,,,,,,,,,,,,,,
Country,,Notes,1949,1950,1951,1952,1953,1954,1955,1956,1957,1958,1959,1960,1961,1962,1963,1964,1965,1966,1967,1968,1969,1970,1971,1972,1973,1974,1975,1976,1977,1978,1979,1980,1981,1982,1983,1984,1985,1986,1987,1988,1989,1990,1991,1992,1993,1994,1995,1996,1997,1998,1999,2000,2001,2002,2003,2004,2005,2006,2007,2008,2009,2010,2011,2012,2013,2014,2015,2016,2017,2018,2019,2020,2021,2022,2023,2024,2025
,,,,,,,,,,,,,,,,,,,,,,,,,,,,,,,,,,,,,,,,,,,,,,,,,,,,,,,,,,,,,,,,,,,,,,,,,,,,,,,
Africa,,,,,,,,,,,,,,,,,,,,,,,,,,,,,,,,,,,,,,,,,,,,,,,,,,,,,,,,,,,,,,,,,,,,,,,,,,,,,,,
North Africa,,,,,,,,,,,,,,,,,,,,,,,,,,,,,,,,,,,,,,,,,,,,,,,,,,,,,,,,,,,,,,,,,,,,,,,,,,,,,,,
Algeria,,§4,xxx,xxx,xxx,xxx,xxx,xxx,xxx,xxx,xxx,xxx,xxx,xxx,xxx,...,...,...,...,...,...,...,293.4,274.1,268.7,260.1,269.5,516.7,575.9,802.6,700.4,758.7,750.5,853.6,758.7,875.9,880.4,826.8,774.6,762.2,777.0,768.9,751.6,802.9,821.9,1375.4,1478.8,1799.1,1743.1,1984.4,2387.5,2525.0,2666.1,3094.8,3388.1,3461.8,3387.4,3852.8,4033.4,4134.5,4850.9,5652.1,6138.6,6496.5,9299.7,9783.8,10568.0,12170.9,12733.1,12771.1,12094.8,11599.5,12513.9,12222.1,11395.4,11022.4,19281.1,21811.2,24128.4
Libya,,‡§¶16,xxx,xxx,...,...,...,...,...,...,...,...,...,...,...,...,...,41.7,50.7,90.8,115.1,137.6,187.8,336.1,346.9,267.8,332.9,442.3,270.2,290.5,401.8,472.6,588.1,674.5,314.7,363.3,...,...,...,...,...,...,...,...,...,...,...,...,...,...,353.8,399.1,308.2,329.8,322.7,414.7,516.2,674.0,664.0,584.2,549.8,831.0,...,...,...,1809.2,2358.5,2182.4,...,...,...,...,...,...,...,1262.7,1600.0,...,...
Morocco,,§17,xxx,xxx,xxx,xxx,xxx,xxx,xxx,122.3,178.3,237.3,276.6,276.0,314.7,334.0,439.5,394.9,344.4,374.2,390.4,502.3,456.0,471.2,565.0,625.0,710.3,837.1,1229.1,1725.3,1978.5,1762.3,1766.2,2032.8,2071.9,2146.8,1562.5,1404.4,2012.0,1761.4,1762.4,1902.0,2056.7,2019.8,2121.1,2104.3,2220.1,2279.2,2099.1,2093.5,2192.6,2218.7,1879.9,1422.6,2573.8,2448.9,2593.9,2521.1,2616.3,2641.3,2720.1,3034.0,3240.6,3468.1,3493.4,3744.6,4278.0,4241.9,3916.4,3940.3,4056.2,4084.5,4170.1,5345.2,5501.5,5467.6,5339.9,5517.0,5881.7
Tunisia,,,xxx,xxx,xxx,xxx,xxx,xxx,xxx,...,...,...,...,...,81.3,62.0,62.2,75.0,58.9,61.7,66.2,74.2,70.8,90.5,94.0,106.1,104.2,105.6,150.1,173.4,229.3,255.0,244.4,260.4,343.7,519.4,639.2,437.0,378.9,325.2,294.8,341.1,352.1,323.7,331.0,332.8,346.3,358.4,364.1,418.7,413.6,421.8,417.6,436.3,453.4,448.9,467.1,475.6,511.6,539.7,497.9,541.4,558.4,579.3,691.0,698.0,768.5,918.1,1095.4,1166.3,1082.7,1087.1,1336.9,1399.9,1405.3,1342.4,1293.7,1315.2,1350.7
sub-Saharan Africa,,,,,,,,,,,,,,,,,,,,,,,,,,,,,,,,,,,,,,,,,,,,,,,,,,,,,,,,,,,,,,,,,,,,,,,,,,,,,,,
Angola,,§‖1,xxx,xxx,xxx,xxx,xxx,xxx,xxx,xxx,xxx,xxx,xxx,xxx,xxx,xxx,xxx,xxx,xxx,xxx,xxx,xxx,xxx,xxx,xxx,xxx,xxx,xxx,...,...,...,...,...,...,...,...,...,...,...,...,...,248.5,318.8,277.6,166.1,145.3,2326.5,10107.7,1090.4,816.8,1309.2,403.8,5160.6,2390.5,1440.5,1476.6,1949.9,1856.0,2629.6,3088.8,2709.1,3667.4,3568.3,3818.3,3575.2,3752.2,5124.9,5468.9,3219.2,2571.9,2225.2,1834.6,1676.4,1467.4,1250.4,1252.7,1260.2,924.3,1263.4
Benin,,§,xxx,xxx,xxx,xxx,xxx,xxx,xxx,xxx,xxx,xxx,xxx,...,...,...,...,...,...,...,...,...,...,16.9,16.9,18.5,20.1,19.0,18.1,15.8,20.9,14.9,26.4,31.8,29.5,33.0,43.8,54.4,51.6,52.5,62.6,62.2,51.6,50.1,...,...,...,...,...,...,...,...,31.0,28.0,25.1,46.1,50.3,54.9,55.6,55.6,...,60.3,...,...,...,73.4,77.8,84.6,98.8,87.4,123.5,90.6,72.7,73.0,93.9,117.6,150.8,167.3,203.7
Botswana,,,xxx,xxx,xxx,xxx,xxx,xxx,xxx,xxx,xxx,xxx,xxx,xxx,xxx,xxx,xxx,xxx,xxx,...,...,...,...,...,...,...,...,...,...,...,16.1,36.8,55.1,60.5,54.7,45.8,45.8,53.4,58.2,85.4,149.4,190.8,206.6,260.3,279.0,258.9,271.3,249.6,227.0,209.6,241.7,295.9,281.5,311.5,381.0,406.1,391.8,362.3,328.3,323.3,356.5,381.6,367.7,344.7,333.4,310.8,303.3,350.8,425.6,597.4,558.2,507.5,537.7,544.0,529.0,504.9,360.4,519.4,594.9
Burkina Faso,,†,xxx,xxx,xxx,xxx,xxx,xxx,xxx,xxx,xxx,xxx,xxx,6.6,7.2,21.1,21.5,21.4,14.1,15.4,15.2,15.7,16.0,17.4,17.7,19.0,19.2,19.6,42.4,55.8,51.7,62.0,50.3,49.2,56.4,59.0,56.4,56.8,54.9,82.0,72.5,77.7,97.7,105.9,88.4,86.6,78.4,61.4,62.6,60.9,70.5,69.4,77.4,78.9,77.7,83.4,81.4,96.2,101.4,96.7,131.8,120.8,135.1,138.7,144.4,160.1,173.3,185.4,183.8,185.4,230.3,343.6,438.2,451.3,502.9,607.4,862.1,1023.8,844.0
Burundi,,‡,xxx,xxx,xxx,xxx,xxx,xxx,xxx,xxx,xxx,xxx,xxx,xxx,xxx,...,...,...,17.0,17.9,18.8,19.3,23.9,...,18.2,24.0,34.0,37.5,36.0,43.1,59.0,58.1,50.0,67.4,64.9,75.0,67.1,65.8,68.8,68.8,61.8,74.8,83.8,88.3,90.4,92.9,91.9,96.2,80.1,92.8,100.2,107.4,112.6,96.8,128.4,123.1,125.1,121.6,116.5,97.3,97.7,81.5,...,...,...,87.5,90.2,87.8,89.9,90.0,77.5,84.5,114.2,88.0,84.9,109.6,155.7,171.8,169.3
Cameroon,,§,xxx,xxx,xxx,xxx,xxx,xxx,xxx,xxx,xxx,xxx,xxx,...,...,...,...,...,...,...,...,...,...,174.5,176.7,173.2,176.3,177.8,188.3,197.9,201.9,213.5,233.6,239.4,334.8,391.3,384.0,387.2,335.1,299.9,258.1,238.0,246.7,256.0,261.6,253.2,256.1,208.9,206.9,210.1,232.2,263.0,284.1,275.9,274.9,297.8,319.4,339.8,335.5,364.4,382.2,396.0,401.3,428.7,389.4,418.3,439.6,441.6,453.3,493.3,509.1,504.4,509.9,455.3,483.7,481.0,477.4,534.9,580.4
Cape Verde,,,xxx,xxx,xxx,xxx,xxx,xxx,xxx,xxx,xxx,xxx,xxx,xxx,xxx,xxx,xxx,xxx,xxx,xxx,xxx,xxx,xxx,xxx,xxx,xxx,xxx,xxx,...,...,...,...,...,...,...,...,...,12.0,11.3,11.7,11.3,11.1,...,...,...,5.6,4.8,5.9,9.3,6.5,6.5,7.2,8.1,13.0,8.8,8.0,8.5,8.8,9.6,8.9,8.9,10.5,8.6,8.6,9.3,9.8,9.4,9.7,10.3,11.9,10.7,11.5,10.9,12.3,11.6,11.1,14.5,16.8,19.0
Central African Republic,,14,xxx,xxx,xxx,xxx,xxx,xxx,xxx,xxx,xxx,xxx,xxx,...,...,...,...,...,...,...,...,...,...,...,...,...,...,...,...,...,...,...,...,...,...,...,...,...,...,...,...,...,...,...,36.9,37.6,34.2,30.1,27.6,25.6,...,...,...,...,...,28.3,31.9,29.7,29.4,...,30.8,43.4,50.5,74.8,68.1,59.9,60.7,42.4,34.8,33.4,32.5,33.6,46.1,48.4,56.0,45.1,63.5,71.2,68.0
Chad,,§,xxx,xxx,xxx,xxx,xxx,xxx,xxx,xxx,xxx,xxx,xxx,...,...,...,...,...,...,...,...,...,...,...,...,...,...,...,...,...,...,...,...,...,...,...,101.1,98.1,90.6,103.6,67.1,130.9,105.5,55.2,...,55.2,71.6,56.0,41.7,47.5,34.4,32.3,47.7,54.1,60.8,71.9,72.9,86.4,87.8,323.8,569.0,757.4,877.8,783.6,724.4,...,838.7,445.8,287.8,407.5,290.0,304.1,300.2,388.2,386.6,411.9,406.1,557.8,598.3
"Congo, DR",,§15,xxx,xxx,xxx,xxx,xxx,xxx,xxx,xxx,xxx,xxx,xxx,...,...,...,124.4,171.3,278.9,239.2,215.2,222.9,301.3,394.2,370.4,295.4,278.2,397.1,283.3,172.7,147.8,129.1,117.9,103.8,56.5,111.3,75.8,94.5,79.6,110.1,48.8,360.2,113.0,79.9,73.5,140.2,430.8,...,...,148.5,122.1,36.7,133.9,99.6,...,...,169.4,280.6,328.8,357.4,338.2,242.0,183.4,249.4,286.3,395.4,441.5,399.7,571.7,487.1,384.9,331.3,385.8,399.0,333.8,374.6,763.0,899.2,1082.1
"Congo, Republic",,§,xxx,xxx,xxx,xxx,xxx,xxx,xxx,xxx,xxx,xxx,xxx,...,...,...,...,...,...,...,...,...,...,63.8,64.2,49.6,64.7,81.9,86.6,92.1,...,76.2,92.1,93.3,131.8,175.6,...,148.8,166.4,...,192.2,...,...,...,...,219.5,195.0,...,...,...,...,...,...,...,124.1,146.9,163.4,192.2,151.2,176.4,209.2,230.1,...,255.3,...,...,382.8,729.0,...,584.8,427.2,314.1,332.5,319.1,317.3,294.0,293.9,182.1,189.7
Cote d'Ivoire,,18,xxx,xxx,xxx,xxx,xxx,xxx,xxx,xxx,xxx,xxx,xxx,...,...,79.8,72.7,100.3,112.7,111.6,121.1,120.3,127.7,137.7,186.3,225.1,162.1,213.6,190.4,216.6,171.4,234.4,224.9,224.6,206.1,217.7,210.8,213.3,213.5,208.2,214.9,207.8,222.9,213.0,217.3,212.7,211.2,185.7,...,178.4,178.3,...,...,...,...,...,336.9,355.4,340.3,352.2,383.5,384.3,456.7,436.8,365.6,445.4,443.2,535.3,691.2,727.9,595.7,680.6,627.7,682.0,662.8,674.4,706.0,658.4,721.1
Djibouti,,§,xxx,xxx,xxx,xxx,xxx,xxx,xxx,xxx,xxx,xxx,xxx,xxx,xxx,xxx,xxx,xxx,xxx,xxx,xxx,xxx,xxx,xxx,xxx,xxx,xxx,xxx,xxx,xxx,...,...,...,6.6,19.2,105.4,107.9,105.4,103.1,97.1,93.2,83.9,82.6,79.5,77.3,78.8,71.1,68.3,62.8,50.3,53.1,52.2,52.6,50.1,49.3,62.5,77.0,66.8,77.8,83.0,55.1,51.7,...,...,...,...,...,...,...,...,...,...,...,...,...,...,...,...,...
Equatorial Guinea,,§,xxx,xxx,xxx,xxx,xxx,xxx,xxx,xxx,xxx,xxx,xxx,xxx,xxx,xxx,xxx,xxx,xxx,xxx,xxx,...,...,...,...,...,...,...,...,...,...,...,...,...,...,...,...,...,...,...,...,...,...,...,...,...,...,8.2,8.9,...,...,...,...,...,...,...,...,...,...,...,269.4,352.2,450.7,...,...,...,...,168.1,163.0,163.4,157.1,161.5,166.8,170.8,165.2,170.7,167.0,114.5,112.5
Eritrea,,§‖19,xxx,xxx,xxx,xxx,xxx,xxx,xxx,xxx,xxx,xxx,xxx,xxx,xxx,xxx,xxx,xxx,xxx,xxx,xxx,xxx,xxx,xxx,xxx,xxx,xxx,xxx,xxx,xxx,xxx,xxx,xxx,xxx,xxx,xxx,xxx,xxx,xxx,xxx,xxx,xxx,xxx,xxx,xxx,xxx,...,...,...,...,...,...,...,...,...,...,...,...,...,...,...,...,...,...,...,...,...,...,...,...,...,...,...,...,...,...,...,...,...
Ethiopia,,§,...,...,...,...,...,...,...,...,...,...,...,...,...,...,...,...,287.2,294.7,249.1,232.9,228.0,207.8,215.7,240.6,237.9,333.5,523.6,417.0,377.0,435.3,581.7,723.9,696.6,694.4,737.1,704.2,600.4,680.8,757.2,912.3,1075.5,1027.4,510.1,301.6,333.5,307.4,259.3,301.8,554.9,1186.7,1883.0,1698.4,1079.1,896.9,763.8,828.5,831.5,751.1,692.9,553.4,544.2,528.3,514.5,496.4,497.1,514.9,531.0,610.1,636.4,628.1,585.0,510.4,491.8,1011.3,981.8,700.4,785.4
Gabon,,§20,xxx,xxx,xxx,xxx,xxx,xxx,xxx,xxx,xxx,xxx,xxx,...,...,...,...,...,...,...,15.0,14.7,21.8,23.8,27.0,29.0,34.1,36.6,40.7,45.1,58.6,...,83.4,89.0,135.4,140.7,144.2,144.9,165.0,170.4,...,...,...,...,...,...,...,...,...,...,...,...,...,180.4,179.3,179.3,167.4,174.9,159.0,176.2,...,...,...,301.4,280.6,309.3,302.1,213.0,209.3,244.7,311.2,274.7,288.8,276.2,311.4,299.4,268.6,319.1,336.9
"Gambia, The",,‡§21,xxx,xxx,xxx,xxx,xxx,xxx,xxx,xxx,xxx,xxx,xxx,xxx,xxx,xxx,xxx,xxx,...,...,...,...,...,...,...,...,...,...,...,...,...,...,...,...,...,...,0.9,1.2,1.6,1.5,1.7,2.2,2.9,3.4,4.0,3.3,2.3,2.2,2.5,3.5,3.7,3.7,3.4,3.5,3.1,3.3,3.6,3.2,4.4,4.0,5.5,17.7,8.4,...,...,13.9,13.7,21.0,19.1,...,...,14.5,17.7,17.6,17.6,16.5,14.5,14.7,14.7
Ghana,,‖22,xxx,xxx,xxx,xxx,xxx,xxx,xxx,xxx,...,46.6,53.1,93.6,116.4,108.4,115.5,110.2,93.1,109.4,...,147.9,152.6,141.7,115.0,98.9,99.8,130.2,123.3,89.2,56.4,41.6,27.5,33.3,24.9,17.7502180935599,10.7,19.6,37.9,40.8,42.2,22.2,23.5,25.3,36.2,39.4,46.0,50.1,51.1,43.1,43.2,53.7,61.0,76.3,45.0,52.1,63.2,58.8,58.5,62.5,95.8,83.9,97.5,92.6,172.2,264.7,195.0,260.8,208.6,157.6,180.1,204.5,232.6,237.5,277.5,246.7,288.3,274.4,385.2
Guinea,,23,xxx,xxx,xxx,xxx,xxx,xxx,xxx,xxx,xxx,xxx,xxx,...,...,...,...,...,...,...,...,...,...,...,...,...,...,...,...,...,...,...,...,78.9,56.2,46.0,...,...,...,...,...,...,...,...,196.6,156.5,122.2,125.1,...,...,122.4,133.5,175.6,172.4,348.7,383.6,297.7,275.9,...,...,...,...,...,...,...,413.3,425.6,407.3,437.2,353.8,370.8,363.8,338.7,335.6,359.9,526.2,546.9,562.5,586.2
Guinea-Bissau,,‖24,xxx,xxx,xxx,xxx,xxx,xxx,xxx,xxx,xxx,xxx,xxx,xxx,xxx,xxx,xxx,xxx,xxx,xxx,xxx,xxx,xxx,xxx,xxx,xxx,...,...,...,...,...,...,...,...,...,13.7,22.4,12.1,6.2,8.3,6.6,...,8.4,...,...,...,...,4.5,4.7,3.9,3.6,5.4,...,20.2,13.1,12.4,12.6,...,17.7,...,...,...,15.5,19.8,18.4,27.2,23.1,23.2,21.7,19.8,23.5,12.3,27.3,28.4,28.5,21.4,19.0,23.2,21.0
Kenya,,†,xxx,xxx,xxx,xxx,xxx,xxx,xxx,xxx,xxx,xxx,xxx,xxx,xxx,xxx,32.2,101.8,165.4,207.6,250.0,255.0,245.8,260.0,324.9,413.5,466.7,504.5,504.2,723.4,1213.1,1570.1,1709.0,1391.0,1349.0,1363.9,1277.7,1052.0,884.0,1058.5,1361.8,1314.3,1219.7,1243.5,968.0,723.9,604.8,503.6,578.2,675.7,642.4,605.0,588.9,632.1,727.5,783.0,790.5,780.1,822.8,813.8,911.3,869.7,887.3,940.8,961.5,1086.9,1073.0,975.5,1052.7,1132.5,1162.3,1192.5,1144.5,1132.2,1164.0,1136.6,1142.1,1256.4,1355.2
Lesotho,,§,xxx,xxx,xxx,xxx,xxx,xxx,xxx,xxx,xxx,xxx,xxx,xxx,xxx,xxx,xxx,xxx,xxx,...,...,...,...,...,...,...,...,...,...,2.8,2.9,3.7,4.1,7.1,7.6,10.1,8.3,8.6,10.0,10.9,11.8,11.0,14.8,14.0,11.7,11.2,10.4,12.1,15.1,13.5,21.9,26.0,36.9,35.4,37.2,28.4,26.8,25.0,25.5,26.8,29.2,21.2,45.3,59.8,46.5,45.4,45.8,48.6,51.1,52.2,57.1,52.8,48.1,45.0,36.5,34.9,36.8,36.7,37.3
Liberia,,25,...,...,...,...,...,...,...,...,...,...,...,...,...,...,...,...,...,...,...,...,...,...,...,...,...,...,...,...,...,...,...,...,...,...,...,...,...,...,...,...,...,...,...,...,...,...,...,...,...,...,...,...,...,...,...,25.0,58.8,25.8,19.5,20.4,34.9,38.7,56.0,60.0,55.5,48.6,45.9,41.9,33.8,27.1,20.9,17.8,38.1,62.2,67.7,33.8,40.3
Madagascar,,‖26,xxx,xxx,xxx,xxx,xxx,xxx,xxx,xxx,xxx,xxx,xxx,...,...,...,...,47.3,51.5,52.8,55.9,59.7,60.3,58.5,58.2,63.4,66.6,74.9,71.9,83.6,110.9,113.5,147.2,136.6,128.7,...,...,100.7,96.6,85.7,85.4,79.5,76.4,79.9,82.7,48.8,74.6,62.7,57.6,83.4,106.3,102.7,96.3,97.2,120.8,95.5,110.6,110.0,98.8,95.2,114.7,120.6,87.1,68.3,76.5,74.8,74.4,74.4,71.1,73.2,74.3,80.3,86.7,99.5,106.9,105.9,107.8,122.0,110.6
Malawi,,,xxx,xxx,xxx,xxx,xxx,xxx,xxx,xxx,xxx,xxx,xxx,xxx,xxx,xxx,xxx,...,...,...,...,7.7,7.6,7.6,8.0,8.6,14.4,14.1,21.3,19.8,25.7,39.7,56.0,54.3,38.8,29.2,23.6,20.0,23.2,27.5,22.8,18.4,19.9,18.8,16.7,18.5,18.8,18.3,11.3,15.0,19.4,15.5,15.1,12.8,13.7,14.8,15.2,25.5,41.8,34.3,35.3,43.2,52.9,44.7,45.6,52.3,81.9,60.7,48.1,48.8,60.4,66.2,88.7,96.1,87.1,108.8,130.5,117.6,127.9
Mali,,¶,xxx,xxx,xxx,xxx,xxx,xxx,xxx,xxx,xxx,xxx,xxx,...,...,...,...,...,30.5,27.8,28.4,29.5,33.5,38.2,29.7,36.3,35.7,36.6,50.6,59.6,58.7,48.1,55.3,47.5,44.8,48.6,46.3,45.5,50.3,49.5,59.5,58.8,60.5,58.0,...,...,54.1,57.9,62.1,58.4,67.9,67.2,75.9,88.0,88.5,88.1,100.7,109.5,114.8,124.4,129.3,143.3,149.0,157.1,159.5,151.5,152.4,214.3,358.3,428.9,529.8,523.3,554.0,676.3,689.6,630.6,810.7,933.0,882.9
Mauritania,,§,xxx,xxx,xxx,xxx,xxx,xxx,xxx,xxx,xxx,xxx,xxx,...,...,...,...,...,...,...,...,...,...,...,...,...,...,...,...,...,...,...,...,...,...,...,...,...,64.4,59.8,56.5,55.9,49.4,46.5,43.9,42.3,41.1,39.5,42.2,50.5,58.6,41.5,55.3,72.4,101.2,72.5,114.8,118.1,100.0,117.0,...,135.7,136.1,...,...,161.8,159.7,155.9,148.6,164.2,171.4,183.0,186.0,229.6,245.5,225.8,260.1,275.4,314.8
Mauritius,,†,xxx,xxx,xxx,xxx,xxx,xxx,xxx,xxx,xxx,xxx,xxx,xxx,xxx,xxx,xxx,xxx,xxx,xxx,xxx,1.6,2.0,2.4,2.7,2.9,3.1,3.0,3.9,4.6,4.5,4.8,6.0,11.5,11.3,6.5,6.9,6.8,6.4,6.7,8.1,9.9,13.5,16.8,18.9,19.5,18.9,19.7,20.4,19.1,15.8,14.6,15.3,15.8,16.0,16.4,16.8,15.9,16.2,15.9,15.5,17.2,18.5,16.8,17.3,16.6,22.8,18.8,18.4,23.7,22.9,22.2,21.5,20.0,21.7,18.9,23.9,19.0,22.6
Mozambique,,‖27,xxx,xxx,xxx,xxx,xxx,xxx,xxx,xxx,xxx,xxx,xxx,xxx,xxx,xxx,xxx,xxx,xxx,xxx,xxx,xxx,xxx,xxx,xxx,xxx,xxx,xxx,...,...,...,...,...,135.2,151.6,143.2,134.0,128.1,107.8,82.9,110.5,101.4,127.3,115.5,108.6,109.0,117.5,137.8,64.0,58.1,64.5,76.7,92.0,95.3,108.6,112.5,111.2,121.8,93.7,84.1,92.6,92.7,101.9,131.6,121.4,135.2,156.2,174.5,165.8,182.8,187.4,259.3,278.8,410.2,389.1,464.0,420.4,483.9,445.7
Namibia,,,xxx,xxx,xxx,xxx,xxx,xxx,xxx,xxx,xxx,xxx,xxx,xxx,xxx,xxx,xxx,xxx,xxx,xxx,xxx,xxx,xxx,xxx,xxx,xxx,xxx,xxx,xxx,xxx,xxx,xxx,xxx,xxx,xxx,xxx,xxx,xxx,xxx,xxx,xxx,xxx,xxx,247.9,215.1,157.2,92.8,73.1,80.5,85.5,105.1,111.6,151.1,136.0,160.4,158.4,156.1,165.1,182.8,192.7,215.1,269.8,284.5,310.3,327.8,322.7,340.0,500.0,548.1,486.5,442.3,423.4,404.2,401.4,377.8,360.3,355.6,368.0,386.3
Niger,,,xxx,xxx,xxx,xxx,xxx,xxx,xxx,xxx,xxx,xxx,xxx,...,...,...,...,...,...,...,...,...,...,...,...,...,...,...,16.7,16.8,18.9,21.1,22.0,19.3,16.5,16.4,18.8,17.1,18.2,19.2,16.9,...,...,...,...,...,...,35.6,30.5,28.0,30.9,38.1,43.4,41.6,51.0,39.3,39.6,46.2,44.4,...,...,55.3,57.3,75.2,87.4,166.9,112.5,156.0,...,211.4,245.2,258.5,301.4,276.8,218.3,282.1,362.2,435.9,449.9
Nigeria,,§28,xxx,xxx,xxx,xxx,xxx,xxx,xxx,xxx,xxx,xxx,xxx,119.9,136.4,177.1,214.3,253.6,295.8,227.8,1019.2,1575.0,2651.8,2255.8,1873.1,2363.2,2530.0,2848.9,4655.1,3328.9,3531.8,2754.1,2381.4,1934.2,1274.7,998.3,858.5,573.7,561.3,493.5,396.1,389.3,264.4,436.7,418.7,360.2,486.9,341.6,393.5,333.8,359.0,458.3,775.6,598.9,853.0,1287.7,792.6,772.2,681.8,710.7,825.4,1159.3,1204.8,1414.5,1574.7,1387.2,1333.5,1212.5,1182.7,1142.1,1092.3,1288.7,1182.2,1521.9,2380.0,1477.6,1779.7,1134.8,1756.2
Rwanda,,29,xxx,xxx,xxx,xxx,xxx,xxx,xxx,xxx,xxx,xxx,xxx,xxx,xxx,...,...,...,...,...,...,...,...,...,...,...,51.3,36.1,32.9,35.7,48.4,35.7,40.8,45.3,52.5,48.9,47.1,42.4,45.0,50.4,45.4,43.1,50.8,116.4,161.1,132.3,128.1,43.8,73.9,105.0,96.7,106.2,108.1,92.1,93.9,88.8,82.6,72.1,69.8,76.8,71.1,75.0,76.8,78.2,79.0,77.6,79.7,90.5,106.3,112.9,117.9,126.2,132.8,153.3,180.1,169.2,160.7,175.3,194.0
Senegal,,§30,xxx,xxx,xxx,xxx,xxx,xxx,xxx,xxx,xxx,xxx,xxx,...,...,...,...,...,...,...,...,...,...,...,...,...,...,...,...,...,...,...,157.6,147.2,160.8,139.4,140.0,132.5,120.2,114.8,121.4,129.2,130.4,131.6,129.2,121.1,142.4,116.4,118.6,116.7,116.1,123.0,132.8,121.4,134.1,134.5,146.2,146.8,166.6,193.2,217.1,212.6,227.1,214.4,232.3,211.8,244.9,251.1,268.7,379.1,371.2,440.9,423.3,392.7,517.8,462.5,452.8,638.8,532.8
Seychelles,,†,xxx,xxx,xxx,xxx,xxx,xxx,xxx,xxx,xxx,xxx,xxx,xxx,xxx,xxx,xxx,xxx,xxx,xxx,xxx,xxx,xxx,xxx,xxx,xxx,xxx,xxx,xxx,...,...,...,...,...,...,...,...,...,15.4,17.9,18.3,18.5,20.6,21.3,23.1,26.8,16.9,14.9,13.7,13.1,14.3,13.5,13.5,12.7,13.2,13.0,13.0,16.5,15.2,14.9,18.1,13.7,11.6,8.7,10.6,12.5,14.7,34.3,20.2,24.7,25.0,23.7,23.7,25.6,43.4,22.9,28.3,27.6,28.0
Sierra Leone,,31,xxx,xxx,xxx,xxx,xxx,xxx,xxx,xxx,xxx,xxx,xxx,xxx,11.5,12.0,12.9,12.6,12.8,12.5,13.7,14.4,17.2,19.3,18.6,19.0,21.7,26.8,22.9,22.1,24.7,23.3,25.8,34.1,30.3,22.8,14.9,11.6,8.4,16.9,8.1,11.4,20.8,21.5,38.7,45.4,37.0,35.0,33.7,24.8,11.8,14.6,21.3,34.2,40.6,38.8,43.8,36.0,34.8,38.4,34.3,25.7,30.4,31.6,32.9,36.0,36.2,55.7,47.1,57.8,52.5,36.7,29.9,38.1,47.9,48.8,46.8,51.3,29.5
Somalia,,32,xxx,xxx,xxx,xxx,xxx,xxx,xxx,xxx,xxx,xxx,xxx,...,30.5,35.7,41.7,44.4,37.7,48.8,56.5,60.9,62.3,77.6,78.8,91.7,95.6,106.1,96.5,96.3,104.8,245.3,213.0,145.7,141.1,122.2,131.8,93.0,66.1,70.0,65.1,...,...,...,...,...,...,...,...,...,...,...,...,...,...,...,...,...,...,...,...,...,...,...,...,...,39.4,90.0,69.0,70.6,87.9,104.5,93.5,122.9,132.8,133.0,146.6,201.9,192.5
South Africa,,,...,...,268.2,283.5,241.8,227.1,235.0,264.2,381.1,286.3,269.0,306.9,488.5,789.8,791.1,1108.7,1135.3,1229.7,1365.8,1434.6,1479.7,1396.3,1537.6,1573.2,1981.6,2544.5,3196.5,3966.3,4411.8,3958.7,3535.5,3544.0,3920.8,3856.2,3918.5,4221.9,4192.0,4273.2,4718.8,5538.8,5463.1,4920.1,4041.6,3479.4,3215.4,3428.3,3049.8,2650.8,2436.8,2159.2,2069.1,2428.5,2715.4,2975.3,2945.1,3048.8,3384.7,3431.4,3381.1,3361.9,3515.8,3402.7,3525.6,3684.1,3757.1,3761.0,3791.8,3693.0,3640.0,3488.1,3465.9,3598.8,3388.8,3419.4,3214.2,3033.3,2996.4
South Sudan,,33,xxx,xxx,xxx,xxx,xxx,xxx,xxx,xxx,xxx,xxx,xxx,xxx,xxx,xxx,xxx,xxx,xxx,xxx,xxx,xxx,xxx,xxx,xxx,xxx,xxx,xxx,xxx,xxx,xxx,xxx,xxx,xxx,xxx,xxx,xxx,xxx,xxx,xxx,xxx,xxx,xxx,xxx,xxx,xxx,xxx,xxx,xxx,xxx,xxx,xxx,xxx,xxx,xxx,xxx,xxx,xxx,xxx,164.5,150.8,208.6,148.8,157.3,224.5,142.9,142.1,185.3,148.8,43.4,18.7,26.3,16.2,8.6,12.9,33.7,77.3,168.8,102.6
Sudan,,§‖34,xxx,xxx,xxx,xxx,xxx,xxx,xxx,1170.2,1689.8,1597.2,1852.2,2081.0,2101.7,2504.6,2710.5,3879.3,5353.8,4697.9,4396.1,5396.5,7224.3,8640.6,8665.1,7491.3,6809.0,5315.0,4596.9,6781.8,6999.5,5169.8,6115.2,7052.1,5938.6,6492.9,9279.1,10634.3,7551.0,6433.5,7313.3,7985.4,...,9248.1,7414.4,6419.4,7319.3,5415.3,3957.7,2805.0,2206.9,6002.6,10648.6,13834.6,9024.0,9383.3,7174.9,20151.6,16471.0,19373.0,23085.6,27850.0,27157.8,...,...,...,...,...,12895.6,13513.9,17542.6,8937.2,8083.5,4693.7,2769.0,...,...,...,...
Eswatini,,‡35,xxx,xxx,xxx,xxx,xxx,xxx,xxx,xxx,xxx,xxx,xxx,xxx,xxx,xxx,xxx,xxx,xxx,xxx,xxx,...,...,...,...,...,...,...,...,...,14.6,20.6,21.1,21.2,18.8,18.8,18.3,16.7,15.2,15.2,13.6,13.1,14.1,20.0,22.1,27.8,32.2,33.4,33.9,34.8,33.4,37.4,39.2,38.4,35.6,36.3,42.3,46.7,61.1,60.8,61.9,69.4,75.5,83.9,81.9,72.3,76.4,76.8,77.8,91.1,84.0,87.7,84.1,81.9,76.4,81.2,87.1,83.2,88.1
Tanzania,,,xxx,xxx,xxx,xxx,xxx,xxx,xxx,xxx,xxx,xxx,xxx,xxx,...,...,...,...,...,...,74.6,71.6,76.1,108.2,148.7,174.3,225.2,294.9,278.3,292.6,362.0,698.8,586.9,278.2,318.9,307.1,263.4,233.6,236.5,251.8,236.1,214.8,207.9,172.3,186.7,186.5,122.8,114.5,148.4,146.3,156.1,170.1,169.1,180.3,209.6,204.9,186.1,189.8,204.8,223.8,234.4,238.4,265.4,343.7,370.0,375.8,434.1,483.6,562.1,615.1,617.8,650.0,657.0,697.7,753.2,838.0,908.8,929.5,983.4
Togo,,,xxx,xxx,xxx,xxx,xxx,xxx,xxx,xxx,xxx,xxx,xxx,...,...,...,7.0,20.5,20.2,17.2,18.9,20.1,20.8,22.5,24.1,25.1,28.7,32.4,33.5,42.9,53.4,52.6,45.6,44.4,43.4,38.9,36.5,41.5,52.3,61.5,77.1,76.0,79.8,81.7,76.3,75.5,83.3,59.4,55.8,...,...,...,...,...,...,...,49.1,48.9,47.9,...,...,62.2,61.1,65.2,62.3,70.0,76.6,87.8,86.2,100.0,107.8,119.4,204.3,189.6,212.6,375.0,284.7,212.9,191.9
Uganda,,,xxx,xxx,xxx,xxx,xxx,xxx,xxx,xxx,xxx,xxx,xxx,xxx,xxx,13.8,49.9,91.0,158.7,213.0,243.1,297.7,305.5,323.8,553.7,702.9,554.3,416.6,389.4,345.4,239.0,188.6,144.0,195.5,172.3,130.9,91.8,148.1,192.1,205.6,199.2,199.1,179.9,182.0,177.3,117.1,119.7,148.2,167.9,180.3,177.9,225.6,258.3,249.8,252.3,270.5,291.4,333.2,334.0,322.9,330.3,364.0,357.8,765.2,758.6,387.3,325.2,344.2,381.9,396.5,433.3,513.5,786.9,1161.6,1181.8,988.4,999.2,1116.6,1198.0
Zambia,,§,xxx,xxx,xxx,xxx,xxx,xxx,xxx,xxx,xxx,xxx,xxx,xxx,xxx,xxx,xxx,...,...,...,...,...,...,...,...,...,...,...,...,...,...,...,...,...,...,...,...,247.9,199.8,368.6,332.6,247.9,358.3,315.5,210.9,239.7,116.3,136.8,115.0,77.0,77.1,...,114.9,...,...,...,...,150.5,168.5,184.1,208.6,207.8,196.2,218.0,228.9,254.8,275.0,338.3,361.9,295.0,287.2,329.8,288.1,256.0,235.0,268.8,327.9,349.0,342.7
Zimbabwe,,§‖36,xxx,xxx,xxx,xxx,xxx,xxx,xxx,xxx,xxx,xxx,xxx,xxx,xxx,xxx,xxx,xxx,...,...,...,...,...,...,...,...,...,...,...,...,...,...,...,37.6,31.4,35.0,37.7,32.1,32.8,32.8,33.3,34.9,36.5,36.7,38.1,31.0,26.0,26.6,24.4,25.6,27.6,37.6,37.4,47.1,62.1,223.7,70.4,43.3,32.5,30.0,...,...,...,23.8,46.5,71.9,79.2,81.9,85.9,83.0,78.2,87.3,79.9,105.5,193.1,171.6,64.9,98.4,133.5
Americas,,,,,,,,,,,,,,,,,,,,,,,,,,,,,,,,,,,,,,,,,,,,,,,,,,,,,,,,,,,,,,,,,,,,,,,,,,,,,,,
Central America and the Caribbean,,,,,,,,,,,,,,,,,,,,,,,,,,,,,,,,,,,,,,,,,,,,,,,,,,,,,,,,,,,,,,,,,,,,,,,,,,,,,,,
Belize,,,xxx,xxx,xxx,xxx,xxx,xxx,xxx,xxx,xxx,xxx,xxx,xxx,xxx,xxx,xxx,xxx,xxx,xxx,xxx,xxx,xxx,xxx,xxx,xxx,xxx,xxx,xxx,xxx,xxx,xxx,xxx,xxx,5.4,6.3,6.7,7.3,6.9,...,...,...,8.5,9.0,8.9,9.7,11.1,13.9,13.8,12.9,15.0,...,...,10.5,10.6,10.7,11.4,11.9,13.6,16.8,18.4,23.5,21.9,19.3,19.1,18.6,21.6,23.9,23.9,26.1,27.4,27.7,28.9,30.8,30.6,30.0,33.6,35.2,32.9
Costa Rica,,37,0,0,0,0,0,0,0,0,0,0,0,0,0,0,0,0,0,0,0,0,0,0,0,0,0,0,0,0,0,0,0,0,0,0,0,0,0,0,0,0,0,0,0,0,0,0,0,0,0,0,0,0,0,0,0,0,0,0,0,0,0,0,0,0,0,0,0,0,0,0,0,0,0,0,0,0,0
Cuba,,§38,…,…,…,…,…,…,…,…,…,…,…,…,…,…,…,…,…,…,…,…,…,…,…,…,…,…,…,…,…,…,…,…,…,…,…,…,…,…,…,…,…,…,…,…,…,…,…,…,…,…,…,…,…,…,…,…,…,…,…,…,…,…,…,…,…,…,…,…,…,…,…,…,…,…,…,…,…
Dominican Republic,,,...,...,...,...,...,...,...,...,...,246.9,...,247.4,244.0,234.0,221.1,236.0,227.6,210.0,199.6,207.9,196.6,190.9,187.9,186.7,172.5,209.1,208.9,224.2,225.5,259.5,276.9,207.5,229.8,215.2,203.7,187.0,175.9,205.6,172.8,152.2,127.0,101.4,72.8,130.8,187.6,189.2,145.3,176.9,238.2,256.8,278.7,373.5,439.1,406.8,303.3,268.3,332.3,320.6,320.7,368.3,361.7,388.7,369.8,417.1,409.2,472.4,507.2,534.8,593.2,664.8,698.8,711.8,690.2,772.6,921.7,1012.1,1035.8
El Salvador,,39,...,...,...,...,93.8,...,...,95.4,110.3,103.2,85.4,83.8,87.2,122.0,117.9,108.6,122.5,126.0,127.7,121.6,138.2,127.8,151.8,195.6,205.9,188.5,185.5,227.4,283.1,305.9,418.9,405.3,445.8,480.6,559.6,950.8,825.0,815.6,707.5,597.7,604.8,513.9,465.7,403.8,307.8,262.1,243.9,220.6,213.7,205.9,212.0,199.4,262.4,276.5,212.0,205.2,203.5,209.1,233.0,228.1,247.8,259.2,270.8,270.5,284.3,276.8,295.3,293.4,306.1,341.9,367.8,400.3,395.5,481.1,458.6,490.6,488.5
Guatemala,,,...,...,...,...,...,...,139.5,148.3,160.2,156.8,171.0,159.4,160.3,155.3,192.2,168.9,243.5,248.6,274.4,259.3,219.1,392.9,271.2,291.7,249.9,260.4,363.8,406.1,489.9,431.3,487.3,505.9,711.6,770.2,768.7,837.1,762.9,655.7,685.3,765.8,764.5,751.8,571.2,687.8,629.8,614.2,592.3,495.7,425.2,445.0,432.4,547.0,643.4,476.6,517.3,309.2,247.6,289.1,284.4,308.3,289.3,316.7,335.0,369.1,395.0,369.7,367.3,402.4,352.2,345.0,413.8,415.3,393.3,481.7,454.4,453.5,616.5
Haiti,,§40,...,...,...,...,...,...,...,...,...,...,...,...,...,...,...,...,...,...,...,...,...,...,...,...,...,...,...,...,...,...,...,...,...,...,...,...,...,...,...,11.5,11.5,11.1,11.6,11.1,9.5,8.4,8.3,...,...,...,...,...,...,...,...,...,...,...,...,...,...,...,...,...,9.0,10.7,12.0,15.6,14.6,19.8,27.1,30.8,46.2,19.6,16.0,19.8,30.4
Honduras,,41,...,...,26.0,26.3,29.3,27.1,29.9,32.9,51.1,55.3,50.0,40.0,38.5,38.1,36.9,54.0,56.0,57.2,58.6,59.6,60.1,80.4,90.5,118.4,116.2,109.1,127.5,134.6,166.6,213.5,218.9,213.3,206.9,210.3,203.0,224.2,251.8,270.8,306.8,316.4,301.1,244.2,166.4,...,144.0,...,...,...,...,...,...,129.1,147.3,146.7,185.9,133.0,130.6,149.9,177.9,220.6,247.5,256.5,283.2,290.5,350.8,314.7,383.9,456.1,499.2,474.6,510.7,431.8,497.0,507.4,544.0,547.3,581.8
Jamaica,,,xxx,xxx,xxx,xxx,xxx,xxx,xxx,xxx,xxx,xxx,xxx,xxx,xxx,...,...,...,...,...,...,...,...,...,...,...,...,...,...,90.4,90.6,...,...,...,104.4,116.9,106.3,85.1,71.0,76.5,77.3,87.2,105.7,102.2,94.3,149.1,125.3,94.5,86.3,85.4,97.5,80.5,76.9,75.5,80.4,97.0,101.3,94.0,90.4,107.7,119.2,161.1,156.0,138.3,146.5,145.9,140.6,135.8,140.9,159.8,168.0,237.2,299.8,269.5,245.9,232.6,229.2,276.2,279.8
Mexico,,,511.0,568.5,576.1,532.8,604.3,762.0,721.5,736.7,800.0,743.7,728.2,820.6,830.7,942.5,1057.8,1107.4,1062.2,1115.0,1108.9,1206.9,1412.4,1318.5,1354.6,1635.6,1811.5,1981.6,2133.3,2394.3,2236.2,2273.8,2527.4,2400.1,3177.3,3071.9,2941.3,3686.6,3842.8,3234.2,3127.8,2908.0,3082.1,2919.3,3077.8,3416.3,3646.1,4583.7,3829.2,4064.8,4072.9,4200.4,4419.4,4561.6,4513.9,4363.3,4352.0,4192.7,4260.3,3995.3,5361.1,5331.1,6401.9,6097.2,6655.8,7046.3,7453.7,7786.7,7313.2,8177.7,7409.4,8286.7,9108.4,11901.3,11464.3,12221.0,12035.0,20594.9,13782.9
Nicaragua,,42,...,...,...,...,...,...,...,...,...,...,...,...,...,...,...,...,...,...,...,...,...,...,...,0.1,0.1,0.1,0.1,0.1,0.2,0.2,0.1,0.2,0.2,...,...,...,...,...,...,...,...,120.9,100.2,67.1,56.6,57.5,57.6,51.8,51.0,43.9,45.1,51.8,47.1,59.8,61.0,54.8,54.9,57.8,57.8,54.7,54.2,57.3,64.6,86.3,89.9,97.2,119.3,104.0,106.8,101.1,94.0,98.0,92.7,93.5,102.9,108.6,114.6
Panama,,43,...,...,...,...,...,...,...,...,...,...,...,...,...,...,...,...,...,...,...,...,...,...,...,...,...,...,...,...,...,...,...,...,...,...,...,...,...,...,196.1,193.7,191.5,136.3,144.7,142.5,171.4,179.5,170.0,175.9,202.4,177.4,188.0,0.0,0.0,0.0,0.0,0.0,0.0,0.0,0.0,0.0,0.0,0.0,0.0,0.0,0.0,0.0,0.0,0.0,0.0,0.0,0.0,0.0,0.0,0.0,0.0,0.0,0.0
Trinidad and Tobago,,,xxx,xxx,xxx,xxx,xxx,xxx,xxx,xxx,xxx,xxx,xxx,xxx,xxx,...,...,...,...,...,...,83.8,84.6,97.2,128.9,121.4,105.8,87.2,98.2,117.4,126.0,136.2,176.5,203.9,169.8,...,...,...,...,...,...,...,...,...,...,...,79.8,86.8,...,...,...,...,...,...,39.1,52.6,88.4,191.8,231.2,252.8,253.5,250.8,234.8,221.1,215.9,229.0,273.0,229.8,233.8,253.5,236.1,192.2,197.7,193.8,231.5,229.7,245.8,238.1,227.8
North America,,,,,,,,,,,,,,,,,,,,,,,,,,,,,,,,,,,,,,,,,,,,,,,,,,,,,,,,,,,,,,,,,,,,,,,,,,,,,,,
Canada,,,...,4365.8,8847.0,14219.2,16316.5,15179.5,15031.4,15340.4,14650.2,13645.7,12766.9,12484.4,12742.7,13235.1,12642.9,12786.8,11849.7,11703.7,12443.4,12087.6,11384.0,11406.2,11788.4,11858.4,11777.1,12351.4,13124.6,13325.8,13941.7,14524.3,14062.1,14797.8,14620.3,15892.2,17320.9,18455.7,19001.6,19356.2,19778.9,20089.4,19987.8,19969.0,18442.4,18238.7,18192.9,17928.6,16898.1,15517.6,14299.7,14794.2,15432.8,15180.1,15582.5,15661.6,15949.9,16553.6,17281.6,18084.9,19717.2,21248.7,22219.2,20068.6,20746.8,19728.2,18236.4,20436.2,21630.9,21185.9,25012.3,24638.6,24388.9,26979.5,25691.1,25395.8,29145.9,30617.6,37529.3
United States of America,,44,181095.5,194625.0,416423.8,586599.3,603952.7,521100.6,493268.1,499722.0,513981.1,510931.9,514510.6,501847.4,523074.5,566782.2,559063.8,540424.6,542791.5,641790.3,736820.1,760483.6,727077.1,673817.9,606251.8,605379.9,575307.8,567795.5,536613.3,522016.1,541716.9,545143.7,548272.5,547007.2,609290.9,720586.1,703680.6,740140.2,793443.9,845889.8,838949.3,821399.2,814460.0,780581.1,689542.1,726638.0,687750.9,651999.0,609028.6,575900.8,572921.6,559984.9,561363.0,583086.6,587822.2,660012.0,751202.7,818750.9,856461.7,868803.0,891986.1,956872.4,1032168.3,1061674.3,1049103.0,990830.7,914617.2,858357.1,838865.1,836290.9,827674.3,852585.0,901032.1,943446.6,933334.5,922552.5,943032.8,1004901.0,929162.9
South America,,,,,,,,,,,,,,,,,,,,,,,,,,,,,,,,,,,,,,,,,,,,,,,,,,,,,,,,,,,,,,,,,,,,,,,,,,,,,,,
Argentina,,5,5610.9,4447.6,3014.8,3070.4,4003.5,3814.6,3851.8,3605.4,6398.9,3445.8,1939.3,2904.5,3536.4,3425.6,3492.4,2934.6,2830.4,2927.7,3259.3,3939.9,4810.8,4617.9,4766.0,4902.4,5135.9,5226.6,6635.0,11988.6,12698.0,13568.3,14097.9,12547.0,13355.2,11509.6,13159.8,10325.3,9540.0,9502.2,9478.0,9474.2,7701.2,5229.9,5247.8,4969.2,4688.9,5017.2,4918.1,4363.9,4290.9,4325.7,4457.9,4246.4,4183.1,3564.8,3671.7,3778.3,3968.8,4092.2,4426.7,4398.6,4740.5,4690.8,4623.6,4566.5,5116.6,5293.3,5242.1,5100.0,5529.4,4920.0,4476.3,4173.9,4111.4,4620.3,5058.4,4179.8,3731.0
Bolivia,,10,...,...,...,...,61.2,...,41.8,30.9,35.5,...,...,...,57.7,57.4,71.2,...,...,...,...,90.6,93.8,123.6,112.7,154.5,180.5,208.7,283.3,310.5,315.1,380.7,397.5,430.9,489.5,296.6,207.6,327.2,351.4,288.6,299.8,265.7,289.2,392.2,382.0,365.6,286.2,352.1,347.1,340.8,413.2,510.7,407.6,406.3,466.0,417.3,475.4,452.6,430.1,419.5,440.0,666.3,522.0,912.1,605.2,714.4,763.0,799.9,713.1,615.6,664.3,679.7,656.8,559.0,583.0,458.1,613.9,570.9,569.7
Brazil,,...,...,...,...,...,1646.6,...,...,...,2483.8,2485.8,1972.2,1810.2,1688.5,1797.5,1764.1,1646.8,2761.2,2497.7,2402.9,2493.2,2627.3,3124.9,3114.2,4702.7,5341.4,5593.9,6137.4,7174.8,6564.1,6523.7,6810.5,5976.5,5832.9,6750.1,6342.9,6721.7,9233.9,8446.8,11584.6,14438.3,15194.9,12667.1,10259.0,8076.6,11097.2,13211.9,14854.5,13813.9,13719.1,14746.7,15106.7,16363.8,18953.8,19206.8,15322.3,15920.6,17225.9,17836.7,19236.1,20463.2,22312.4,24777.7,24000.5,24462.0,24595.2,25087.0,24505.6,23261.6,24777.9,26422.0,25282.8,24202.8,22923.0,21487.9,21075.0,20963.6,23639.7
Chile,,45,...,...,...,...,204.9,112.2,157.9,200.5,201.8,222.5,169.9,235.5,277.9,250.0,248.7,237.7,283.3,312.2,340.2,346.5,344.1,734.6,1112.0,1223.3,1250.1,1876.2,1444.3,1517.4,2008.7,2363.3,2641.3,2786.0,2986.1,3341.7,2817.1,2867.9,2788.6,2742.2,2723.6,2272.8,2092.8,1978.0,1872.1,1896.2,2071.1,2193.9,2386.7,2406.0,2567.9,2671.4,2763.8,2906.0,2971.5,2957.2,3354.5,3802.9,3909.9,4454.7,4386.0,4655.6,4186.6,4710.5,5020.5,4712.0,4767.9,4838.2,4825.8,4984.7,5227.4,5216.2,5213.8,5768.7,5238.6,4835.1,5079.3,5506.7,5151.9
Colombia,,46,...,...,...,...,...,...,...,...,...,469.2,385.5,424.0,506.6,786.6,898.5,857.8,904.5,930.7,955.0,789.3,731.4,900.1,1415.3,883.2,802.8,796.5,897.4,842.5,816.3,952.0,1079.3,1238.7,1169.8,1155.1,1528.2,1740.6,1595.6,1737.1,1867.8,2149.5,2190.9,2291.0,2268.3,2590.4,3336.6,3485.6,4069.5,6308.1,4055.6,4844.4,5154.7,5231.6,5753.9,6041.6,6346.5,6774.1,6896.4,7292.0,7735.6,9143.8,9605.7,9532.5,8873.4,9498.1,10342.4,10199.9,10252.9,10108.8,10787.3,10601.7,11397.6,11764.8,12277.0,12023.2,12201.0,13876.0,13743.5
Ecuador,,47,...,...,...,...,818.8,...,...,...,1294.4,1242.4,1087.4,1459.0,1401.2,1334.6,1177.6,1370.0,1534.2,1418.9,1509.1,1674.6,2134.4,2180.0,1944.7,2263.9,2642.3,3257.5,3850.5,3990.8,6187.3,4433.3,4559.9,4532.3,4360.0,4407.9,3810.6,3972.2,5079.8,5312.2,5695.0,6091.9,5777.4,6064.4,5746.2,5510.8,6219.5,5889.9,9133.4,6475.8,5902.6,4771.6,1689.8,774.4,812.0,949.4,1287.2,1203.7,1583.0,1526.0,2057.5,2384.8,2685.3,2786.0,3124.8,3138.0,3227.1,3173.0,2845.0,2705.8,2640.5,2739.6,2514.3,2533.9,2586.9,2684.7,2733.7,2882.2,2707.0
Guyana,,48,xxx,xxx,xxx,xxx,xxx,xxx,xxx,xxx,xxx,xxx,xxx,xxx,xxx,xxx,xxx,xxx,xxx,...,...,...,...,...,...,...,19.9,39.6,113.2,117.7,77.7,48.2,40.7,45.2,41.8,40.8,31.6,30.3,54.9,36.5,24.7,18.8,14.7,7.8,6.1,9.6,11.0,13.3,12.6,11.3,...,...,...,27.0,30.8,34.5,32.5,43.0,33.9,33.0,38.7,44.1,43.6,42.0,41.8,42.3,43.8,48.7,58.2,64.3,72.6,74.9,80.1,90.5,86.2,93.7,113.8,206.6,239.9
Paraguay,,49,...,...,...,...,...,...,...,...,...,...,...,51.4,45.0,51.1,55.7,58.5,67.1,75.9,82.3,90.9,95.5,104.2,106.7,135.8,129.0,104.8,135.8,139.8,151.7,171.8,122.5,140.6,183.9,275.8,258.5,268.1,299.0,303.5,246.7,307.1,256.6,248.9,380.2,320.6,293.7,271.4,316.7,295.0,242.9,226.0,202.7,196.6,178.8,172.4,154.1,182.7,162.3,185.8,190.6,190.6,211.8,234.4,267.1,306.1,336.7,355.3,389.9,362.4,351.5,383.1,387.7,407.5,392.0,366.7,398.0,413.8,405.8
Peru,,50,897.0,974.1,1123.1,1070.2,1105.3,1129.3,1261.4,1427.5,1387.9,1397.0,1366.3,1427.8,1700.2,1679.2,2321.3,2616.5,2477.7,2487.5,4298.6,2142.3,2297.4,3699.9,3928.5,4096.6,4930.4,5264.9,6945.1,7867.9,11411.4,8651.9,5839.1,8592.4,7507.6,9619.8,7773.3,5657.1,6805.8,6323.0,6889.8,3479.4,2410.2,2018.0,1462.1,1761.8,2001.1,2073.8,2437.0,2350.2,1984.4,1971.1,1911.6,1746.8,1706.5,1585.9,1628.4,1594.6,1977.1,2066.4,2002.2,1996.5,2455.5,2674.3,2726.1,3057.8,3525.2,3486.6,3893.6,3051.9,3012.7,2967.8,3063.9,3030.0,3206.8,3105.4,3365.8,2543.3,2427.3
Uruguay,,...,...,...,...,...,...,...,...,...,...,...,...,...,...,...,...,...,...,...,...,...,...,...,...,628.0,1125.7,1357.4,1271.4,1061.1,1137.2,1181.2,1384.3,1674.2,2209.6,2012.1,1533.8,1297.3,1251.4,1264.0,1063.3,1209.9,1331.0,1299.9,908.4,1104.4,1066.0,1013.5,1043.0,1121.3,1107.5,1104.8,1134.2,1118.4,1109.8,1022.9,890.2,860.0,871.0,910.5,869.7,981.9,1004.3,1095.5,1065.2,1161.6,1219.4,1258.3,1276.2,1307.6,1381.3,1501.4,1449.6,1486.6,1634.9,1476.4,1529.0,1583.1,1909.6
Venezuela,,‖51,...,...,...,...,...,...,...,...,...,...,...,...,...,...,...,...,...,...,...,...,...,...,...,...,...,...,...,...,...,...,...,...,...,...,...,...,...,...,...,...,...,...,...,...,...,...,...,...,...,...,...,...,...,...,...,...,...,...,...,...,...,...,...,...,...,...,...,...,...,...,...,...,...,...,...,...,...
Asia & Oceania,,,,,,,,,,,,,,,,,,,,,,,,,,,,,,,,,,,,,,,,,,,,,,,,,,,,,,,,,,,,,,,,,,,,,,,,,,,,,,,
Oceania,,,,,,,,,,,,,,,,,,,,,,,,,,,,,,,,,,,,,,,,,,,,,,,,,,,,,,,,,,,,,,,,,,,,,,,,,,,,,,,
Australia,,...,...,3192.8,4586.0,5857.1,5895.4,5287.6,5369.8,5204.1,4995.3,4949.4,4977.6,4897.1,4893.5,5099.7,5734.5,6639.9,7668.5,9332.5,10978.6,11799.9,11406.9,10664.8,10363.7,10368.3,9932.0,9794.8,9953.5,10105.9,10159.1,10271.1,10614.8,11162.4,11918.4,12530.1,12962.0,13974.6,14652.9,14737.0,14236.4,13731.2,13615.5,13682.6,13916.0,14321.9,14864.7,15031.0,14559.7,14381.4,14639.3,15356.0,16107.2,16063.3,16699.2,17417.2,17741.6,18473.1,19118.2,20139.8,21377.2,22156.6,23825.7,24102.9,23769.0,22936.0,22736.8,24676.8,27201.5,29786.8,29733.6,29023.6,29810.5,31267.5,33394.9,33625.2,33238.9,34231.4,35263.6
Fiji,,†68,xxx,xxx,xxx,xxx,xxx,xxx,xxx,xxx,xxx,xxx,xxx,xxx,xxx,xxx,xxx,xxx,xxx,xxx,xxx,xxx,xxx,2.7,3.2,3.7,3.8,4.9,6.7,8.8,11.2,19.3,23.4,21.6,22.3,29.9,30.9,32.2,29.5,29.7,53.1,53.7,61.8,59.9,59.6,54.4,55.6,55.1,53.4,48.9,45.9,43.6,44.7,64.2,67.5,60.6,60.8,67.9,59.6,74.7,92.6,60.3,68.7,63.9,67.1,63.1,61.9,81.3,50.8,62.3,82.2,86.2,84.9,78.4,71.2,70.4,75.3,77.5,81.4
New Zealand,,...,...,...,...,...,...,...,...,1228.1,1184.5,1170.2,1202.8,1233.3,1158.8,1130.0,1151.7,1373.4,1366.8,1552.4,1506.3,1592.5,1653.3,1805.1,1697.8,1722.3,1674.3,1728.9,1761.1,1692.4,1713.6,1811.8,1817.7,2523.8,2396.6,2198.4,2144.4,2223.6,2205.3,2405.4,2465.7,2169.2,2242.6,2335.5,2201.2,2059.6,2012.8,2038.7,2077.9,2094.9,2052.5,2055.2,2083.1,2092.1,2044.5,1967.0,1940.2,1817.7,1796.0,1987.2,2005.3,1945.0,2041.3,2078.7,2010.1,1954.8,1909.0,1904.7,1964.7,2167.4,2321.7,2535.6,3086.2,3177.2,2900.0,2938.0,3078.1,3001.0,2892.8
Papua New Guinea,,¶69,xxx,xxx,xxx,xxx,xxx,xxx,xxx,xxx,xxx,xxx,xxx,xxx,xxx,xxx,xxx,xxx,xxx,xxx,xxx,xxx,xxx,xxx,xxx,xxx,xxx,xxx,33.8,90.3,87.4,91.1,95.1,102.9,94.2,...,...,...,98.9,99.5,101.8,100.7,109.5,147.3,105.2,113.7,128.7,157.0,114.8,147.9,156.7,124.4,96.3,84.9,71.0,49.3,44.6,49.9,58.9,58.2,70.3,57.8,73.0,60.5,70.0,101.4,98.9,110.2,103.9,87.3,86.0,83.9,93.7,95.3,84.9,125.1,94.7,91.5,109.5
South Asia,,,,,,,,,,,,,,,,,,,,,,,,,,,,,,,,,,,,,,,,,,,,,,,,,,,,,,,,,,,,,,,,,,,,,,,,,,,,,,,
Afghanistan,,2,...,...,...,...,...,...,...,...,...,...,...,...,...,...,...,...,...,...,...,...,...,5.37318520407881,...,...,6.23068471709529,6.0561243230658,6.35739632105725,8.10820012292211,8.55376715809057,...,...,...,...,...,...,...,...,...,...,...,...,...,...,...,...,...,...,...,...,...,...,...,...,...,...,...,...,...,...,...,...,...,...,...,...,...,...,...,...,...,...,...,...,...,...,...,...
Bangladesh,,9,xxx,xxx,xxx,xxx,xxx,xxx,xxx,xxx,xxx,xxx,xxx,xxx,xxx,xxx,xxx,xxx,xxx,xxx,xxx,xxx,xxx,xxx,...,...,207.9,235.2,241.5,427.4,515.4,459.7,436.5,459.2,485.7,561.2,715.8,703.8,647.7,706.2,758.1,833.3,911.8,906.3,923.1,1062.3,1153.7,1293.8,1330.9,1390.0,1479.4,1500.5,1555.5,1624.0,1622.7,1574.3,1579.2,1609.1,1631.2,1755.8,1847.7,1825.6,2129.9,2564.7,2718.1,2859.4,2849.5,3045.7,3440.7,3781.5,3684.5,4056.7,4631.9,4710.0,4665.6,4132.7,3746.1,3747.5,3664.9
India,,59,...,...,...,...,...,...,...,3046.0,3642.9,3649.0,3369.0,3401.4,3669.5,5043.6,8256.6,8059.6,7878.1,7418.3,6931.1,7177.8,7607.1,7844.0,9352.5,9860.6,8709.5,8110.8,9103.2,10452.2,9930.7,10384.5,11190.2,11483.7,12124.4,13155.1,13613.7,14401.2,16154.2,19096.2,20570.3,21062.6,22194.6,21862.1,20413.0,19508.9,22034.4,22132.8,22796.2,23209.5,25692.2,26805.4,31151.8,32144.9,33264.4,33161.5,33901.9,39380.1,41909.2,42248.8,42759.2,48499.6,57100.7,57330.4,57857.2,57563.6,57601.7,60408.3,60982.3,67201.7,71935.6,74468.9,79726.1,80209.7,79701.3,83218.2,85232.5,85597.1,93254.7
Nepal,,¶,...,...,...,...,...,...,...,...,...,...,...,...,...,...,...,...,...,...,...,...,...,22.5,26.1,26.6,27.1,27.0,32.6,43.1,43.6,44.3,49.3,49.9,50.5,56.3,62.8,69.4,74.4,74.0,75.0,77.5,84.4,87.9,90.2,93.7,97.7,97.1,96.0,95.5,101.2,102.7,111.0,122.1,157.9,210.2,234.3,279.8,309.4,291.1,280.2,295.4,331.4,347.6,359.4,340.9,373.7,422.3,405.6,430.9,495.8,486.4,471.0,483.8,477.7,478.8,470.7,436.0,429.0
Pakistan,,60,...,...,...,...,...,...,...,629.7,522.6,542.5,639.5,666.4,659.6,632.2,683.2,769.9,1243.4,1449.8,1181.0,1214.2,1320.4,1440.5,1601.0,1794.7,1676.7,1672.5,1751.1,1765.6,1757.8,1870.6,1978.8,2138.0,2322.8,2799.1,3123.2,3356.5,3654.2,3928.4,4295.9,4446.1,4459.3,4706.4,5038.2,5356.9,5329.6,5176.5,5265.9,5264.6,5040.7,5040.7,5090.5,5101.5,5457.4,5868.9,6271.5,6529.3,6795.7,6908.2,6956.2,6558.3,6758.7,7067.4,7450.1,7900.8,8172.0,8595.5,9337.0,9656.5,10584.6,11837.9,11693.7,11503.1,11993.8,11195.9,9777.8,10303.5,11479.4
Sri Lanka,,61,...,...,8.3,10.8,14.8,23.5,21.5,25.8,35.2,49.6,53.8,54.2,55.0,50.3,43.1,41.9,43.4,45.9,47.1,49.6,51.2,64.2,95.5,84.8323909375079,68.9,72.0,76.3,70.2,86.8,106.5,122.7,113.3,100.5,92.0,161.4,181.5,647.4,565.4,723.9,500.8,386.3,525.9,718.0,804.5,861.8,1001.0,1684.8,1574.3,1396.9,1464.6,1319.1,1764.7,1473.2,1218.9,1096.1,1221.3,1130.1,1305.0,1598.2,1829.7,1889.8,1761.4,1847.2,1667.5,1712.4,2007.9,2164.1,1888.4,1966.3,1802.6,1822.7,1697.4,1743.3,1246.9,1196.4,1263.9,1362.9
East Asia,,,,,,,,,,,,,,,,,,,,,,,,,,,,,,,,,,,,,,,,,,,,,,,,,,,,,,,,,,,,,,,,,,,,,,,,,,,,,,,
China,,55,...,...,...,...,...,...,...,...,...,...,...,...,...,...,...,...,...,...,...,...,...,...,...,...,...,...,...,...,...,...,...,...,...,...,...,...,...,...,...,...,19906.0,21639.6,23000.9,27972.1,25722.8,24750.4,25707.1,27234.5,29054.2,31723.6,38673.7,41859.9,49634.6,57007.6,61696.0,67956.4,74625.0,85898.2,94424.5,103310.8,125361.4,131535.8,141205.8,155714.1,168374.6,181814.4,196087.6,207375.4,220129.3,233023.7,244376.0,255894.6,262558.7,274158.2,292220.8,311900.4,335017.6
Japan,,56,...,...,...,6301.9,6546.3,7375.0,7661.4,7160.8,6852.9,7000.1,6990.1,7000.5,6804.7,6966.3,7572.6,8313.9,8922.0,9638.6,10329.6,11021.8,11971.9,13116.5,14463.3,16145.7,17038.2,17459.2,18165.3,18325.1,18863.7,19945.9,21225.2,21565.0,22338.2,23074.0,24215.3,25322.0,26680.7,27854.9,29008.5,30472.2,31791.1,33347.6,34190.1,34703.8,34563.7,34552.0,35124.2,35763.1,36066.1,36107.2,35919.1,36107.5,36739.6,36922.6,36969.3,36821.6,36755.0,36286.7,35815.0,35470.3,36134.8,36264.2,36754.3,36308.8,36158.6,36545.7,37187.8,36966.8,36722.3,38570.8,39667.9,39327.9,42277.1,39766.0,45863.4,54245.1,59493.1
"Korea, North",,57,...,...,...,...,...,...,...,...,...,...,...,...,...,...,...,...,...,...,...,...,...,...,...,...,...,...,...,...,...,...,...,...,...,...,...,...,...,...,...,...,...,...,...,...,...,...,...,...,...,...,...,...,...,...,...,...,...,...,...,...,...,...,...,...,...,...,...,...,...,...,...,...,...,...,...,...,...
"Korea, South",,58,...,...,...,...,185.4,465.0,515.5,738.9,635.1,749.7,795.5,771.4,804.3,933.2,771.4,729.5,766.5,1384.2,1538.9,1813.1,2090.4,2161.0,2540.0,2971.1,2988.7,3822.8,4412.3,6342.2,7538.6,9389.7,8818.9,9661.1,10010.0,10435.2,10862.2,11137.1,12040.1,12945.1,13297.9,14126.9,15023.9,15573.8,15998.8,16982.7,17765.4,18279.3,19982.5,20263.5,20762.2,20037.2,19499.7,20699.5,21291.5,21878.3,22622.1,23615.9,25541.3,26461.7,27660.2,29469.6,31322.4,31582.7,32015.4,32830.6,33825.1,35155.7,36521.4,37436.5,38125.2,40058.7,43285.8,45563.3,47548.0,46550.2,46841.2,47604.6,48848.0
Mongolia,,,...,...,...,...,...,...,...,...,...,...,...,...,...,...,...,...,...,...,...,...,...,...,...,...,...,...,...,...,...,...,...,...,...,...,...,...,...,...,...,...,...,149.8,101.8,44.9,42.7,37.2,52.4,44.3,40.4,41.9,42.9,54.5,49.8,54.6,51.6,56.2,54.4,66.7,87.1,80.0,51.7,64.6,88.3,108.1,100.0,107.9,107.1,109.6,108.5,103.7,111.0,114.9,110.2,97.5,121.0,179.4,213.8
Taiwan,,†¶104,...,...,...,...,...,,,,,,,,,,,,,,,,,,,,,,,4751.3,5770.7,6621.9,7860.1,7925.7,7366.3,8079.1,8087.7,8149.0,9105.0,9451.7,9607.0,10692.1,11726.7,12372.2,12730.6,12870.2,14590.1,14413.8,13356.7,13779.1,13721.1,12834.9,12812.4,11262.9,11058.4,10694.1,10592.5,10611.3,10209.4,9794.1,10364.0,10552.4,11365.6,10741.6,10844.7,11226.2,10602.2,10540.8,11109.4,10918.3,11104.9,10881.4,11603.1,12131.3,13061.4,14827.1,16202.2,15232.8,17341.0
South East Asia,,,,,,,,,,,,,,,,,,,,,,,,,,,,,,,,,,,,,,,,,,,,,,,,,,,,,,,,,,,,,,,,,,,,,,,,,,,,,,,
Brunei,,§12,xxx,xxx,xxx,xxx,xxx,xxx,xxx,xxx,xxx,xxx,xxx,xxx,xxx,xxx,xxx,xxx,xxx,xxx,xxx,xxx,xxx,xxx,xxx,xxx,xxx,xxx,xxx,xxx,xxx,xxx,xxx,xxx,xxx,xxx,xxx,234.1,246.6,259.6,235.1,379.2,378.5,427.7,426.0,406.7,359.7,371.5,354.9,397.8,463.0,417.5,373.2,353.2,325.3,345.8,360.9,284.6,345.1,388.2,401.6,414.4,406.8,424.5,415.7,408.4,408.2,530.5,464.8,445.6,388.5,386.7,455.1,475.1,472.6,449.6,449.8,560.3,...
Cambodia,,,xxx,xxx,xxx,xxx,...,...,...,...,...,...,...,...,...,...,...,...,...,...,...,...,...,...,...,...,...,...,...,...,...,...,...,...,...,...,...,...,...,2.3,2.1,3.2,5.8,13.5,31.6,70.6,101.5,223.4,248.8,229.4,217.3,193.8,200.5,187.3,168.0,154.1,160.6,159.5,156.3,158.4,150.0,126.3,215.9,257.9,271.4,296.3,322.1,355.0,413.3,470.6,547.3,632.3,681.8,695.3,683.3,639.5,679.6,720.6,716.3
Indonesia,,62,...,...,...,...,...,...,...,...,...,...,...,...,...,...,...,...,...,...,...,...,...,...,...,...,...,1336.0,1709.8,1710.1,1773.6,1936.7,2239.4,2600.8,2930.6,2894.3,2658.4,2655.9,2636.9,2595.2,2364.8,2259.7,2316.5,2561.4,2605.0,2804.8,2692.7,2976.0,3132.1,3504.6,4606.1,3011.8,2288.5,2354.6,2093.4,2530.4,3402.5,3804.0,3303.9,3354.9,4034.4,3748.3,3932.6,4618.6,5294.8,6079.4,8173.5,7201.3,8374.3,7815.2,9009.6,7921.1,8313.0,9678.0,8764.6,10050.9,11055.5,12012.4,15329.5
Laos,,§,...,...,...,...,...,...,...,...,...,...,...,...,...,...,...,...,...,...,...,...,...,...,...,...,...,...,...,...,...,...,...,...,...,...,...,...,...,...,...,...,...,...,...,233.7,231.5,234.3,196.2,150.3,137.9,94.0,41.4,32.8,31.7,29.2,25.6,24.2,23.7,23.8,23.8,22.0,18.4,18.5,20.7,21.2,21.8,...,...,...,...,...,...,...,...,...,...,...,...
Malaysia,,63,xxx,xxx,xxx,xxx,xxx,xxx,xxx,xxx,252.8,265.8,231.7,213.8,177.4,182.6,245.9,343.7,482.3,598.7,552.4,572.1,556.8,759.2,851.1,838.6,776.7,873.0,922.0,952.0,1275.7,1089.5,1273.9,1580.3,2129.3,2027.9,1814.0,1672.5,1493.1,1279.3,1858.7,1207.7,1447.2,1554.4,2116.0,2102.4,2234.1,2420.9,2574.0,2475.0,2326.2,1709.6,2313.0,2099.8,2612.4,2968.5,3781.1,3652.5,3907.1,3823.3,4269.0,4365.6,4121.1,3602.9,4038.8,3851.8,4197.0,4229.7,4554.2,4360.1,3663.8,3343.1,3229.1,3427.0,3589.4,3686.2,3976.7,4377.6,4546.1
Myanmar,,§¶64,...,...,158.5,245.4,349.5,438.1,385.4,386.3,396.1,435.7,472.0,456.1,436.9,470.5,534.7,524.3,487.9,382.3,366.9,367.3,420.1,469.6,478.9,467.6,438.8,362.7,313.8,301.1,350.3,388.5,370.6,387.2,433.0,417.9,401.7,392.5,391.0,364.5,232.9,241.8,429.7,510.9,443.4,513.7,591.3,628.3,668.0,713.3,593.2,488.9,484.2,653.0,585.2,426.2,634.1,708.1,716.2,...,...,...,...,...,...,2969.2,3265.0,3288.3,3816.7,3650.5,3464.5,2356.7,2279.6,3329.5,3701.8,3311.4,2876.2,4651.9,...
Philippines,,65,...,...,...,...,...,...,...,...,...,599.9,619.6,615.9,631.7,709.7,801.2,735.6,713.3,794.8,883.6,1025.7,1237.4,1342.0,1252.7,1461.8,1947.9,2525.6,...,3254.4,3110.0,2379.7,2847.0,2466.5,2562.6,2468.1,2421.2,1552.9,1668.2,1760.8,1875.4,2412.3,2270.1,2255.1,2051.4,2070.9,2242.9,2349.0,2614.1,2740.6,2447.6,2417.1,2386.4,2521.3,2378.1,2503.6,2789.9,2628.8,2678.6,2769.7,3033.8,3034.2,2917.9,3065.2,3114.0,3161.9,3609.5,3348.5,3664.4,3772.7,4483.0,4761.8,4747.4,4889.8,5517.2,5536.1,5153.6,5493.4,6299.7
Singapore,,,xxx,xxx,xxx,xxx,xxx,xxx,xxx,xxx,xxx,xxx,xxx,xxx,xxx,xxx,xxx,xxx,...,...,...,...,...,1029.2,1245.7,1317.9,1275.9,1174.4,1327.9,1604.0,1907.1,1866.0,1850.8,2080.0,2306.7,2437.7,2361.2,2911.7,3415.0,3334.4,3306.3,3566.0,3949.5,4532.4,4688.9,4984.6,5143.1,5315.6,6367.2,6974.9,7827.6,8864.3,9030.0,8733.5,8942.3,9427.8,9520.7,9700.7,10305.0,10397.5,10798.0,10871.0,11234.6,11017.9,10625.2,10376.8,10342.5,10643.9,11352.5,12069.9,12391.2,12500.0,12355.7,11790.3,12614.7,13284.2,14377.2,15325.8,16900.5
Thailand,,§,...,...,...,...,...,...,...,...,538.9,477.9,490.4,456.9,395.5,517.0,549.2,564.0,608.4,654.8,751.5,903.6,1054.5,1240.0,1492.1,1539.3,1443.8,1345.1,1460.3,1794.5,2159.4,2728.1,3172.6,3044.0,2968.6,3165.4,3204.3,3504.0,3769.9,3597.9,3566.7,3596.1,3718.9,3991.6,4419.5,4815.3,4951.3,5356.5,5345.1,5257.3,5106.9,4030.6,3581.6,3419.7,3408.8,3394.5,3388.7,3322.4,3041.3,3089.4,3502.0,4364.6,5385.9,5769.8,5310.8,5511.6,5477.3,5709.8,5913.5,6227.0,6561.2,6710.5,6877.6,7126.9,7014.4,6143.7,5740.5,5519.7,5565.9
Timor Leste,,§66,xxx,xxx,xxx,xxx,xxx,xxx,xxx,xxx,xxx,xxx,xxx,xxx,xxx,xxx,xxx,xxx,xxx,xxx,xxx,xxx,xxx,xxx,xxx,xxx,xxx,xxx,xxx,xxx,xxx,xxx,xxx,xxx,xxx,xxx,xxx,xxx,xxx,xxx,xxx,xxx,xxx,xxx,xxx,xxx,xxx,xxx,xxx,xxx,xxx,xxx,xxx,xxx,xxx,...,...,...,20.0,39.9,50.2,45.9,70.3,47.6,32.6,47.5,40.6,37.6,46.6,33.6,32.4,25.7,42.4,47.2,46.4,49.0,56.2,43.4,47.5
Viet Nam,,§67,xxx,xxx,xxx,xxx,xxx,xxx,xxx,xxx,xxx,xxx,xxx,xxx,xxx,xxx,xxx,xxx,xxx,xxx,xxx,xxx,xxx,xxx,xxx,xxx,xxx,xxx,...,...,...,...,...,...,...,...,...,...,...,...,883.7,1432.0,1890.5,2253.4,1602.7,1011.5,792.6,1080.9,...,...,...,...,...,...,...,...,1997.6,2045.6,2134.2,2512.3,3236.7,3060.8,4232.0,3956.2,4110.1,5984.9,6575.5,6506.6,7202.1,7341.2,7321.0,7689.9,8029.8,7728.9,7961.3,7308.4,8116.1,8590.4,10914.3
Central Asia,,,,,,,,,,,,,,,,,,,,,,,,,,,,,,,,,,,,,,,,,,,,,,,,,,,,,,,,,,,,,,,,,,,,,,,,,,,,,,,
Kazakhstan,,†,xxx,xxx,xxx,xxx,xxx,xxx,xxx,xxx,xxx,xxx,xxx,xxx,xxx,xxx,xxx,xxx,xxx,xxx,xxx,xxx,xxx,xxx,xxx,xxx,xxx,xxx,xxx,xxx,xxx,xxx,xxx,xxx,xxx,xxx,xxx,xxx,xxx,xxx,xxx,xxx,xxx,xxx,xxx,...,1043.8,668.6,690.0,744.9,696.4,691.4,578.0,605.7,890.5,976.0,1155.3,1320.1,1664.0,1945.5,2925.1,2777.5,2619.4,2877.0,3170.7,3700.1,4174.4,4160.5,4281.3,3618.2,3474.2,3736.9,4875.1,2123.1,2111.7,1431.1,1234.6,1167.7,1306.3
Kyrgyz Republic,,52,xxx,xxx,xxx,xxx,xxx,xxx,xxx,xxx,xxx,xxx,xxx,xxx,xxx,xxx,xxx,xxx,xxx,xxx,xxx,xxx,xxx,xxx,xxx,xxx,xxx,xxx,xxx,xxx,xxx,xxx,xxx,xxx,xxx,xxx,xxx,xxx,xxx,xxx,xxx,xxx,xxx,xxx,xxx,97.8,55.6,75.0,93.9,89.1,98.6,85.2,89.3,108.2,93.1,108.2,122.9,132.0,146.1,160.8,175.5,177.4,194.3,238.7,234.7,233.9,250.2,277.2,285.9,305.3,305.9,315.4,320.7,338.1,338.0,395.6,511.5,511.3,557.8
Tajikistan,,§,xxx,xxx,xxx,xxx,xxx,xxx,xxx,xxx,xxx,xxx,xxx,xxx,xxx,xxx,xxx,xxx,xxx,xxx,xxx,xxx,xxx,xxx,xxx,xxx,xxx,xxx,xxx,xxx,xxx,xxx,xxx,xxx,xxx,xxx,xxx,xxx,xxx,xxx,xxx,xxx,xxx,xxx,xxx,40.9,145.7,46.2,13.3,14.3,20.5,23.5,19.7,17.0,16.9,35.9,46.5,54.6,...,...,...,45.6,46.9,52.6,65.4,67.9,...,86.8,99.0,99.7,93.8,100.7,98.9,91.9,107.4,222.0,296.2,184.1,219.8
Turkmenistan,,§53,xxx,xxx,xxx,xxx,xxx,xxx,xxx,xxx,xxx,xxx,xxx,xxx,xxx,xxx,xxx,xxx,xxx,xxx,xxx,xxx,xxx,xxx,xxx,xxx,xxx,xxx,xxx,xxx,xxx,xxx,xxx,xxx,xxx,xxx,xxx,xxx,xxx,xxx,xxx,xxx,xxx,xxx,xxx,...,...,158.0,140.8,135.5,205.2,174.0,188.2,...,...,...,...,...,...,...,...,...,...,...,...,...,...,...,...,...,...,...,...,...,...,...,...,...,...
Uzbekistan,,§54,xxx,xxx,xxx,xxx,xxx,xxx,xxx,xxx,xxx,xxx,xxx,xxx,xxx,xxx,xxx,xxx,xxx,xxx,xxx,xxx,xxx,xxx,xxx,xxx,xxx,xxx,xxx,xxx,xxx,xxx,xxx,xxx,xxx,xxx,xxx,xxx,xxx,xxx,xxx,xxx,xxx,xxx,xxx,...,...,31.4,26.3,35.1,40.8,...,62.4,53.7,46.3,39.4,41.7,...,...,...,...,...,...,...,...,...,...,...,...,...,...,1772.2,...,...,...,...,...,...,...
Europe,,,,,,,,,,,,,,,,,,,,,,,,,,,,,,,,,,,,,,,,,,,,,,,,,,,,,,,,,,,,,,,,,,,,,,,,,,,,,,,
Central Europe,,,,,,,,,,,,,,,,,,,,,,,,,,,,,,,,,,,,,,,,,,,,,,,,,,,,,,,,,,,,,,,,,,,,,,,,,,,,,,,
Albania,,§¶3,...,...,...,...,...,...,...,...,...,...,...,...,...,...,...,...,...,...,...,...,...,...,...,...,...,...,...,...,...,...,...,...,...,...,...,...,...,...,...,...,387.2,397.9,281.3,215.1,196.9,188.2,175.4,157.5,110.0,104.0,120.4,133.2,151.3,154.8,170.7,185.5,192.2,236.1,292.1,344.2,272.4,292.7,291.1,284.5,267.9,260.4,226.8,218.3,226.5,245.2,275.8,267.4,283.2,297.3,441.9,535.2,568.1
Bosnia and Herzegovina,,†§¶11,xxx,xxx,xxx,xxx,xxx,xxx,xxx,xxx,xxx,xxx,xxx,xxx,xxx,xxx,xxx,xxx,xxx,xxx,xxx,xxx,xxx,xxx,xxx,xxx,xxx,xxx,xxx,xxx,xxx,xxx,xxx,xxx,xxx,xxx,xxx,xxx,xxx,xxx,xxx,xxx,xxx,xxx,xxx,...,...,...,...,...,...,...,...,...,...,443.2,308.4,276.6,230.9,222.0,219.2,228.0,250.9,234.0,207.2,204.6,198.4,193.0,198.8,197.2,189.9,196.9,198.4,199.4,236.1,204.8,220.7,216.0,213.4
Bulgaria,,†13,...,...,...,...,...,...,...,...,...,...,...,...,...,...,...,...,...,...,...,...,...,...,...,...,...,...,...,...,...,...,...,...,...,...,...,...,...,...,...,...,5240.9,4233.4,2291.7,1731.7,1308.8,1121.1,1103.7,905.6,845.5,977.7,1108.7,1142.9,1265.7,1277.1,1299.2,1214.1,1242.1,1229.6,1438.2,1405.0,1120.8,1057.2,879.1,880.3,949.6,887.5,899.7,963.9,999.3,1233.8,2832.7,1418.5,1508.4,1657.1,2041.2,2192.7,2396.0
Croatia,,70,xxx,xxx,xxx,xxx,xxx,xxx,xxx,xxx,xxx,xxx,xxx,xxx,xxx,xxx,xxx,xxx,xxx,xxx,xxx,xxx,xxx,xxx,xxx,xxx,xxx,xxx,xxx,xxx,xxx,xxx,xxx,xxx,xxx,xxx,xxx,xxx,xxx,xxx,xxx,xxx,xxx,xxx,xxx,2349.0,2983.1,3352.4,3565.6,3341.8,3371.3,2599.2,2027.0,1436.4,1330.7,1439.6,1165.1,1058.5,1104.4,1116.3,1148.8,1319.0,1201.9,1113.7,1152.8,1053.7,1006.9,1129.9,1124.8,1069.8,1136.6,1110.3,1204.6,1176.0,1532.1,1465.6,1452.5,1730.7,1930.2
Czechia,,71,xxx,xxx,xxx,xxx,xxx,xxx,xxx,xxx,xxx,xxx,xxx,xxx,xxx,xxx,xxx,xxx,xxx,xxx,xxx,xxx,xxx,xxx,xxx,xxx,xxx,xxx,xxx,xxx,xxx,xxx,xxx,xxx,xxx,xxx,xxx,xxx,xxx,xxx,xxx,xxx,xxx,xxx,xxx,xxx,3564.1,3681.6,3530.6,3502.7,3312.1,3595.1,3898.2,4025.0,3872.2,4133.3,4488.7,4309.6,4711.9,4352.7,4200.7,3581.4,3687.3,3345.1,3012.4,2895.8,2761.4,2747.8,2856.3,3096.1,3092.2,3702.4,4112.9,4336.5,4773.7,4433.7,4442.8,6511.7,6488.3
Czechoslovakia,,72,...,...,...,...,...,...,...,3606.3,3764.6,3598.9,3649.7,4012.0,4631.7,4753.7,4516.5,4270.2,4249.1,4563.1,5088.8,5348.0,5570.3,5679.3,6084.9,6455.3,7967.8,8164.8,8776.5,8683.0,8979.4,9145.8,9061.0,9432.6,9438.6,9558.1,9733.0,10024.3,10588.0,10500.4,10562.5,10815.1,15973.1,13934.3,9140.1,9271.6,xxx,xxx,xxx,xxx,xxx,xxx,xxx,xxx,xxx,xxx,xxx,xxx,xxx,xxx,xxx,xxx,xxx,xxx,xxx,xxx,xxx,xxx,xxx,xxx,xxx,xxx,xxx,xxx,xxx,xxx,xxx,xxx,xxx
Estonia,,‖73,xxx,xxx,xxx,xxx,xxx,xxx,xxx,xxx,xxx,xxx,xxx,xxx,xxx,xxx,xxx,xxx,xxx,xxx,xxx,xxx,xxx,xxx,xxx,xxx,xxx,xxx,xxx,xxx,xxx,xxx,xxx,xxx,xxx,xxx,xxx,xxx,xxx,xxx,xxx,xxx,xxx,xxx,xxx,69.4,93.5,118.9,117.8,114.6,153.0,162.0,201.4,237.5,277.2,330.9,382.5,403.5,386.4,423.6,573.6,561.6,486.5,465.8,495.7,579.1,598.2,640.3,696.9,749.1,771.0,810.8,865.8,962.8,924.4,951.6,1281.8,1424.4,1439.1
German Democratic Republic,,74,...,...,...,...,...,...,...,...,...,...,...,668.0,667.4,1770.8,1824.5,1883.4,2002.2,2057.8,2342.9,3117.3,3402.8,3748.7,4012.2,4256.1,4676.1,5034.7,5430.7,5770.1,6229.3,6575.0,6837.7,7373.7,7976.1,8425.4,8930.9,9526.9,10160.0,10925.2,11750.1,12171.8,12458.6,xxx,xxx,xxx,xxx,xxx,xxx,xxx,xxx,xxx,xxx,xxx,xxx,xxx,xxx,xxx,xxx,xxx,xxx,xxx,xxx,xxx,xxx,xxx,xxx,xxx,xxx,xxx,xxx,xxx,xxx,xxx,xxx,xxx,xxx,xxx,xxx
Hungary,,,...,...,...,...,...,...,...,...,...,...,...,...,...,...,...,...,...,...,...,...,...,...,...,2844.2,2772.5,3040.3,3273.4,3072.1,3198.3,3623.5,3602.1,3594.3,3710.3,3667.1,3747.2,3552.6,5540.5,3593.4,3645.4,4214.1,3339.0,2888.8,2169.8,2096.2,1805.5,1787.7,1346.4,1266.3,1557.5,1391.6,1590.5,1755.2,1927.9,2105.3,2272.4,2104.1,2082.9,1866.4,1900.9,1766.7,1574.7,1412.6,1432.2,1363.3,1289.1,1269.8,1428.3,1631.6,2059.8,1864.9,2631.8,3410.3,2781.5,4028.7,4364.1,4732.7,4621.0
Kosovo,,,xxx,xxx,xxx,xxx,xxx,xxx,xxx,xxx,xxx,xxx,xxx,xxx,xxx,xxx,xxx,xxx,xxx,xxx,xxx,xxx,xxx,xxx,xxx,xxx,xxx,xxx,xxx,xxx,xxx,xxx,xxx,xxx,xxx,xxx,xxx,xxx,xxx,xxx,xxx,xxx,xxx,xxx,xxx,xxx,xxx,xxx,xxx,xxx,xxx,xxx,xxx,xxx,xxx,xxx,xxx,xxx,xxx,xxx,xxx,1.0,31.9,45.9,53.8,48.3,51.5,56.6,63.5,66.0,70.6,73.5,78.3,92.2,86.7,118.1,135.6,165.7,217.3
Latvia,,‖75,xxx,xxx,xxx,xxx,xxx,xxx,xxx,xxx,xxx,xxx,xxx,xxx,xxx,xxx,xxx,xxx,xxx,xxx,xxx,xxx,xxx,xxx,xxx,xxx,xxx,xxx,xxx,xxx,xxx,xxx,xxx,xxx,xxx,xxx,xxx,xxx,xxx,xxx,xxx,xxx,xxx,xxx,xxx,...,116.0,135.5,131.3,102.1,98.9,106.5,138.4,172.9,217.1,354.9,409.5,442.0,514.4,646.6,704.9,690.6,438.6,332.1,343.7,315.9,339.2,351.8,401.6,578.8,657.2,895.9,896.1,941.8,975.0,972.0,1272.0,1440.6,1601.2
Lithuania,,‖,xxx,xxx,xxx,xxx,xxx,xxx,xxx,xxx,xxx,xxx,xxx,xxx,xxx,xxx,xxx,xxx,xxx,xxx,xxx,xxx,xxx,xxx,xxx,xxx,xxx,xxx,xxx,xxx,xxx,xxx,xxx,xxx,xxx,xxx,xxx,xxx,xxx,xxx,xxx,xxx,xxx,xxx,xxx,...,218.7,117.9,122.8,136.7,224.7,390.8,298.9,390.4,457.7,456.3,446.3,514.9,561.3,621.3,677.3,698.5,527.0,439.9,424.7,425.3,440.1,529.2,705.0,944.9,1147.5,1381.6,1473.8,1535.3,1573.4,2053.1,2281.6,2688.6,2734.8
North Macedonia,,†77,xxx,xxx,xxx,xxx,xxx,xxx,xxx,xxx,xxx,xxx,xxx,xxx,xxx,xxx,xxx,xxx,xxx,xxx,xxx,xxx,xxx,xxx,xxx,xxx,xxx,xxx,xxx,xxx,xxx,xxx,xxx,xxx,xxx,xxx,xxx,xxx,xxx,xxx,xxx,xxx,xxx,xxx,xxx,...,...,...,...,188.6,148.4,152.6,135.4,155.1,493.1,214.2,195.3,208.4,194.1,184.8,213.7,196.1,191.3,162.7,151.8,143.4,143.2,141.1,136.3,138.9,135.4,146.3,197.3,186.3,232.4,241.6,290.5,299.5,346.1
Montenegro,,76,xxx,xxx,xxx,xxx,xxx,xxx,xxx,xxx,xxx,xxx,xxx,xxx,xxx,xxx,xxx,xxx,xxx,xxx,xxx,xxx,xxx,xxx,xxx,xxx,xxx,xxx,xxx,xxx,xxx,xxx,xxx,xxx,xxx,xxx,xxx,xxx,xxx,xxx,xxx,xxx,xxx,xxx,xxx,xxx,xxx,xxx,xxx,xxx,xxx,xxx,xxx,xxx,xxx,xxx,xxx,xxx,97.4,96.2,87.0,99.1,91.0,92.8,90.4,80.1,72.6,76.2,75.6,82.5,84.6,89.9,92.6,102.3,105.8,113.5,118.3,150.1,162.8
Poland,,78,...,...,...,...,...,...,...,...,...,...,...,...,...,...,...,...,...,...,...,...,...,6535.0,6975.7,7020.5,7480.5,7558.4,8051.3,8375.2,8910.4,8542.6,8582.4,8104.7,8192.7,9033.0,8035.1,9075.9,9784.6,10154.1,9869.3,10204.0,8290.7,8612.2,6064.1,5875.5,6439.1,6428.4,6468.6,6807.1,7459.4,7746.9,7627.4,7413.7,7645.6,7776.9,8092.1,8476.0,9053.8,9624.7,10872.3,9889.1,10431.0,10928.9,11081.7,11178.6,11088.1,12336.0,14680.6,13867.4,14180.8,16062.1,16332.6,18691.6,19634.3,19877.4,28998.1,34459.5,42528.1
Romania,,¶‖,...,...,...,...,...,...,...,...,...,...,...,...,...,...,...,...,...,...,...,...,...,...,...,...,...,...,...,...,...,...,...,5287.7,5338.3,4808.2,4944.3,5041.5,11385.5,12078.8,9893.5,10778.8,11478.7,5055.7,5243.9,4102.0,2476.3,2953.0,2879.3,2798.2,3137.4,2849.5,2571.6,2447.8,2567.2,2553.3,2633.8,2832.3,2995.1,3087.7,2960.9,3263.3,2774.7,2555.5,2643.6,2571.6,2767.6,3024.4,3488.9,3681.1,4994.7,5555.1,6080.8,6504.5,6362.6,6172.0,5915.7,8315.4,8805.8
Serbia,,79,xxx,xxx,xxx,xxx,xxx,xxx,xxx,xxx,xxx,xxx,xxx,xxx,xxx,xxx,xxx,xxx,xxx,xxx,xxx,xxx,xxx,xxx,xxx,xxx,xxx,xxx,xxx,xxx,xxx,xxx,xxx,xxx,xxx,xxx,xxx,xxx,xxx,xxx,xxx,xxx,xxx,xxx,xxx,...,...,...,...,1449.5,1608.8,1472.6,1380.3,1997.0,1590.1,1758.8,1541.2,1423.9,1193.3,1204.1,1357.6,1317.3,1295.1,1256.5,1206.8,1182.3,1145.2,1147.5,1061.8,1202.9,1161.4,1398.1,1592.1,1676.3,2184.5,1761.5,1883.4,2403.6,2554.0
Slovakia,,‖,xxx,xxx,xxx,xxx,xxx,xxx,xxx,xxx,xxx,xxx,xxx,xxx,xxx,xxx,xxx,xxx,xxx,xxx,xxx,xxx,xxx,xxx,xxx,xxx,xxx,xxx,xxx,xxx,xxx,xxx,xxx,xxx,xxx,xxx,xxx,xxx,xxx,xxx,xxx,xxx,xxx,xxx,xxx,xxx,1295.7,1337.4,2368.5,2353.8,1893.6,1480.9,1293.9,1344.9,1514.8,1537.9,1631.1,1515.2,1642.0,1665.6,1684.7,1726.6,1649.9,1444.3,1239.4,1239.9,1122.7,1159.0,1374.6,1409.8,1434.5,1629.8,2341.6,2470.7,2326.6,2415.4,2372.7,2786.5,2871.1
Slovenia,,‖,xxx,xxx,xxx,xxx,xxx,xxx,xxx,xxx,xxx,xxx,xxx,xxx,xxx,xxx,xxx,xxx,xxx,xxx,xxx,xxx,xxx,xxx,xxx,xxx,xxx,xxx,xxx,xxx,xxx,xxx,xxx,xxx,xxx,xxx,xxx,xxx,xxx,xxx,xxx,xxx,xxx,xxx,xxx,567.3,486.8,472.8,539.3,552.8,530.3,529.6,498.2,453.4,556.8,617.4,643.0,682.0,695.3,796.5,801.3,848.5,854.6,851.1,686.7,591.2,524.2,502.3,498.0,560.0,574.0,599.4,672.7,662.9,832.4,874.0,929.3,980.6,1143.9
Yugoslavia,,80,...,...,...,...,...,...,...,...,...,...,...,...,...,...,...,...,...,...,...,...,...,...,...,...,...,...,...,...,...,...,...,...,...,...,...,...,...,...,...,...,...,...,...,...,xxx,xxx,xxx,xxx,xxx,xxx,xxx,xxx,xxx,xxx,xxx,xxx,xxx,xxx,xxx,xxx,xxx,xxx,xxx,xxx,xxx,xxx,xxx,xxx,xxx,xxx,xxx,xxx,xxx,xxx,xxx,xxx,xxx
Eastern Europe,,,,,,,,,,,,,,,,,,,,,,,,,,,,,,,,,,,,,,,,,,,,,,,,,,,,,,,,,,,,,,,,,,,,,,,,,,,,,,,
Armenia,,†6,xxx,xxx,xxx,xxx,xxx,xxx,xxx,xxx,xxx,xxx,xxx,xxx,xxx,xxx,xxx,xxx,xxx,xxx,xxx,xxx,xxx,xxx,xxx,xxx,xxx,xxx,xxx,xxx,xxx,xxx,xxx,xxx,xxx,xxx,xxx,xxx,xxx,xxx,xxx,xxx,xxx,xxx,xxx,208.2,76.8,...,189.7,163.6,208.1,205.3,220.9,223.9,217.4,215.0,247.6,273.2,334.3,394.9,462.9,537.3,560.0,585.1,536.1,549.0,618.0,627.5,679.3,667.9,683.7,771.7,961.3,933.9,883.1,903.5,1329.0,1418.3,1645.8
Azerbaijan,,‖7,xxx,xxx,xxx,xxx,xxx,xxx,xxx,xxx,xxx,xxx,xxx,xxx,xxx,xxx,xxx,xxx,xxx,xxx,xxx,xxx,xxx,xxx,xxx,xxx,xxx,xxx,xxx,xxx,xxx,xxx,xxx,xxx,xxx,xxx,xxx,xxx,xxx,xxx,xxx,xxx,xxx,xxx,xxx,399.5,420.2,212.3,175.6,154.6,177.7,202.5,264.3,280.3,316.3,340.7,425.3,515.6,604.0,1241.0,1348.1,1814.8,1603.0,1517.9,2887.6,2995.5,3030.3,3041.6,3232.0,2155.6,2262.6,2380.6,2572.6,3021.3,3422.1,3325.8,3640.5,3777.1,4672.7
Belarus,,,xxx,xxx,xxx,xxx,xxx,xxx,xxx,xxx,xxx,xxx,xxx,xxx,xxx,xxx,xxx,xxx,xxx,xxx,xxx,xxx,xxx,xxx,xxx,xxx,xxx,xxx,xxx,xxx,xxx,xxx,xxx,xxx,xxx,xxx,xxx,xxx,xxx,xxx,xxx,xxx,xxx,xxx,xxx,241.9,343.7,345.2,136.2,104.6,171.1,160.1,160.3,177.5,221.1,229.9,232.3,281.2,365.9,475.3,518.6,531.5,470.6,529.4,568.5,638.8,683.6,570.3,612.0,773.5,731.8,904.8,856.9,906.6,952.0,1079.6,1369.5,1503.7,1827.6
Georgia,,†§81,xxx,xxx,xxx,xxx,xxx,xxx,xxx,xxx,xxx,xxx,xxx,xxx,xxx,xxx,xxx,xxx,xxx,xxx,xxx,xxx,xxx,xxx,xxx,xxx,xxx,xxx,xxx,xxx,xxx,xxx,xxx,xxx,xxx,xxx,xxx,xxx,xxx,xxx,xxx,xxx,xxx,xxx,xxx,...,...,...,...,140.6,87.7,84.7,65.2,44.5,56.4,80.7,98.2,137.1,364.1,618.5,1224.5,1162.4,709.0,531.4,478.1,496.0,451.0,436.9,389.1,418.1,424.4,435.8,429.9,415.4,412.1,446.2,494.7,538.1,637.2
Moldova,,†¶82,xxx,xxx,xxx,xxx,xxx,xxx,xxx,xxx,xxx,xxx,xxx,xxx,xxx,xxx,xxx,xxx,xxx,xxx,xxx,xxx,xxx,xxx,xxx,xxx,xxx,xxx,xxx,xxx,xxx,xxx,xxx,xxx,xxx,xxx,xxx,xxx,xxx,xxx,xxx,xxx,xxx,xxx,xxx,...,56.9,50.3,63.4,60.5,61.7,40.5,32.2,24.6,27.2,31.9,34.6,30.9,36.0,45.8,52.0,64.0,46.3,35.3,39.0,40.0,44.5,48.7,49.8,59.0,57.8,61.7,65.9,67.6,77.1,68.5,98.5,109.2,102.7
Russia,,83,xxx,xxx,xxx,xxx,xxx,xxx,xxx,xxx,xxx,xxx,xxx,xxx,xxx,xxx,xxx,xxx,xxx,xxx,xxx,xxx,xxx,xxx,xxx,xxx,xxx,xxx,xxx,xxx,xxx,xxx,xxx,xxx,xxx,xxx,xxx,xxx,xxx,xxx,xxx,xxx,xxx,xxx,xxx,47459.5,41488.0,39220.3,25805.4,24366.3,26639.0,15842.0,17592.9,23736.8,25652.4,28417.5,29796.8,31144.1,35392.5,39174.1,42641.0,46852.9,49157.6,50156.9,53529.3,62021.8,65044.4,69709.6,75132.9,80545.6,65267.8,62808.7,65623.9,67165.7,68496.3,88678.7,108959.5,149401.9,158236.4
Ukraine,,84,xxx,xxx,xxx,xxx,xxx,xxx,xxx,xxx,xxx,xxx,xxx,xxx,xxx,xxx,xxx,xxx,xxx,xxx,xxx,xxx,xxx,xxx,xxx,xxx,xxx,xxx,xxx,xxx,xxx,xxx,xxx,xxx,xxx,xxx,xxx,xxx,xxx,xxx,xxx,xxx,xxx,xxx,xxx,...,387.3,1704.7,1831.8,1765.5,2188.2,1768.7,1629.3,2020.3,1706.5,1814.7,2096.8,2263.2,2740.8,3074.8,3737.4,3656.3,3349.2,3369.2,3095.8,3466.3,3685.1,4416.2,4825.8,4845.1,4678.0,5643.5,6539.2,7257.0,6717.1,40212.8,63344.8,64768.2,77555.9
USSR,,,...,...,...,...,...,...,...,...,...,...,...,...,...,...,...,...,...,...,...,...,...,...,...,...,...,...,...,...,...,...,...,...,...,...,...,...,...,...,...,282920.7,262335.7,221932.4,...,xxx,xxx,xxx,xxx,xxx,xxx,xxx,xxx,xxx,xxx,xxx,xxx,xxx,xxx,xxx,xxx,xxx,xxx,xxx,xxx,xxx,xxx,xxx,xxx,xxx,xxx,xxx,xxx,xxx,xxx,xxx,xxx,xxx,xxx
Western Europe,,,,,,,,,,,,,,,,,,,,,,,,,,,,,,,,,,,,,,,,,,,,,,,,,,,,,,,,,,,,,,,,,,,,,,,,,,,,,,,
Austria,,,...,...,...,...,...,...,...,...,1476.2,1680.0,1662.2,1558.4,1496.4,1575.2,1931.3,2429.7,2010.2,2309.2,2340.1,2345.1,2413.9,2388.8,2299.6,2384.0,2476.4,2773.3,3083.0,3146.8,3247.1,3518.7,3737.4,3735.6,3620.1,3776.0,3834.8,3870.2,4234.0,4371.5,4203.2,3973.7,3932.3,3976.4,3994.4,3878.3,3915.6,3932.8,3898.2,3861.7,3870.4,3881.0,3960.3,4055.9,3779.1,3712.8,3866.6,3873.4,3790.2,3640.5,4329.3,4195.6,3917.7,3895.2,3806.7,3756.5,3610.6,3640.1,3480.6,3745.8,3933.1,3957.1,4046.5,4511.9,4624.5,4124.0,4589.1,5294.4,5883.2
Belgium,,,2433.3,2454.5,3632.4,5368.0,5344.1,5513.1,4566.3,4439.9,4629.5,4559.8,4596.5,4698.9,4750.3,5055.7,5211.4,5592.8,5414.2,5847.6,6131.3,6347.6,6390.1,6811.4,7098.5,7481.9,7823.5,7933.1,8638.2,9090.4,9324.7,9947.3,10166.2,10363.2,10455.0,10108.5,9707.9,9295.3,9186.9,9566.0,9626.7,9223.7,9080.8,8909.0,8783.0,7211.8,6848.4,6810.9,6671.9,6544.9,6462.6,6460.9,6545.0,6544.6,6256.9,6067.0,6132.9,6005.2,5786.5,5741.5,6195.4,6754.2,6361.6,6092.9,5879.1,5813.6,5665.3,5573.5,5366.7,5344.8,5348.2,5465.0,5587.3,6083.9,6716.8,7609.7,7883.8,8566.8,13593.7
Cyprus,,†§,xxx,xxx,xxx,xxx,xxx,xxx,xxx,xxx,xxx,xxx,xxx,...,...,...,...,...,...,...,...,...,...,...,...,...,...,...,...,...,...,...,...,...,...,...,...,...,90.9,120.4,445.2,510.2,523.7,779.4,765.1,1047.2,470.5,494.7,443.7,665.8,844.3,753.7,466.1,497.5,587.4,401.5,388.6,403.8,438.7,431.7,409.2,410.6,448.2,465.0,430.9,393.4,354.9,334.7,374.8,343.5,407.5,481.3,521.0,537.0,566.2,577.3,569.6,596.0,631.5
Denmark,,,1181.5,1110.0,1328.8,1821.7,2373.9,2363.3,2329.7,2235.3,2352.2,2279.8,2236.5,2493.3,2555.2,3127.8,3137.9,3252.1,3451.2,3396.5,3393.9,3621.9,3566.1,3762.6,3827.1,3806.1,3620.0,3980.7,4358.7,4266.9,4288.0,4454.9,4482.8,4523.5,4571.8,4704.3,4741.6,4626.7,4522.4,4356.5,4602.5,4694.6,4578.6,4582.2,4665.0,4579.2,4591.5,4476.6,4429.0,4443.0,4500.0,4549.6,4521.9,4374.2,4645.1,4589.5,4455.2,4480.9,4269.3,4666.6,4501.3,4674.1,4395.1,4679.3,4361.5,4497.8,4125.5,3944.2,3903.0,4161.1,4245.0,4856.2,5010.9,5328.8,5428.1,5886.1,8254.0,9637.2,14083.0
Finland,,85,...,...,...,...,...,...,...,...,...,706.5,830.5,873.3,1009.1,1415.8,1124.3,1108.6,1130.6,1112.1,1088.7,1241.9,1136.0,1205.1,1309.9,1506.2,1568.6,1480.4,1718.2,1519.5,1557.8,1620.6,1808.7,2109.7,1972.9,2148.8,2454.8,2257.6,2426.2,2588.6,2577.7,2720.5,2712.9,2761.4,2883.4,2936.1,2853.6,2806.6,2525.2,2795.8,3007.0,3072.6,2676.9,2830.1,2696.8,2750.0,3491.6,3702.6,3809.2,3877.9,3653.6,3938.7,4134.7,4043.2,4107.9,4158.3,4184.5,3969.6,4058.6,4074.5,4004.7,4121.2,4164.0,4339.9,4054.0,4941.4,6025.8,6503.0,7614.1
France,,101,15045.4,16267.6,21788.4,27677.9,30826.9,26277.3,24487.5,31298.0,33503.0,30860.5,31558.4,32393.1,33665.1,34792.1,34148.6,35152.4,35660.7,36735.1,38641.5,38687.2,37005.0,37211.5,37720.9,38707.7,40120.1,39971.6,41764.7,43571.1,45947.6,48551.9,49682.3,50669.0,51929.7,52922.1,53903.8,53583.8,53520.8,55093.0,56706.5,56677.6,57372.4,57118.6,57490.6,55681.8,55064.9,55348.2,52608.3,51356.9,51542.5,50172.5,50594.5,50022.2,49868.0,50892.6,52427.8,53859.1,52755.2,52998.2,52978.3,52593.2,56484.4,53806.8,52206.7,51404.8,51071.7,51960.5,53382.0,53500.1,54391.1,54701.0,56073.6,58039.2,60510.3,60193.3,60793.8,63574.7,64515.1
Germany,,,...,...,...,...,19577.7,19821.4,22903.0,21812.4,26546.3,19885.9,31860.3,34303.8,36474.0,46373.2,52060.4,49920.0,49251.9,48341.8,50287.8,44633.1,48955.6,49512.8,53045.8,56743.6,58920.9,61534.2,61255.3,60812.9,60552.1,63126.7,64008.0,64866.7,65628.9,64782.0,65344.4,64687.2,64825.3,66545.0,67736.0,67193.3,67009.6,70619.4,65354.3,62155.6,55876.7,52110.8,51253.3,50251.2,48396.3,48563.4,49545.2,48763.5,47962.1,48092.5,47435.3,45982.1,45266.9,44461.3,44529.3,45582.2,47308.4,47423.5,46462.1,47789.7,46023.1,46077.6,46868.8,48902.7,50305.3,51693.6,56704.7,60418.4,59887.7,62499.5,70204.6,86148.3,106727.2
Greece,,,883.7,990.6,1167.4,1127.5,1078.0,1160.8,1180.7,1524.8,1588.6,1564.4,1619.8,1720.6,1664.4,1692.5,1735.3,1803.6,1951.0,2117.7,2726.7,3184.3,3604.5,3888.7,4110.4,4382.0,4406.4,5472.5,7039.8,7704.1,8167.3,8342.4,8081.5,6989.6,8273.3,8441.9,7700.7,7558.8,7502.0,6410.4,6396.4,6763.6,6341.7,6411.6,6080.9,6319.4,6168.2,6274.5,6408.7,6792.6,7238.4,7887.7,8257.9,8715.7,8523.8,8361.4,7163.3,7875.7,8516.3,8854.6,8847.6,9835.7,10312.3,7924.6,6380.3,5643.1,5269.6,5226.6,5542.7,5773.7,5769.1,6166.5,6063.4,6467.9,8854.1,9567.0,7220.6,7391.6,7806.2
Iceland,,86,0.0,0.0,0.0,0.0,0.0,0.0,0.0,0.0,0.0,0.0,0.0,0.0,0.0,0.0,0.0,0.0,0.0,0.0,0.0,0.0,0.0,0.0,0.0,0.0,0.0,0.0,0.0,0.0,0.0,0.0,0.0,0.0,0.0,0.0,0.0,0.0,0.0,0.0,0.0,0.0,0.0,0.0,0.0,0.0,0.0,0.0,0.0,0.0,0.0,0.0,0.0,0.0,0.0,0.0,0.0,0.0,0.0,0.0,0.0,0.0,0.0,0.0,0.0,0.0,0.0,0.0,0.0,0.0,0.0,0.0,0.0,0.0,0.0,0.0,0.0,0.0,0.0
Ireland,,,...,...,...,...,...,...,...,...,...,285.0,298.6,317.7,330.3,335.1,338.9,378.9,391.3,372.2,378.9,389.7,406.6,460.3,518.7,616.0,659.3,668.2,810.9,837.8,853.3,913.3,1008.1,1061.2,1015.6,1028.5,964.3,932.9,961.8,987.9,923.2,918.3,907.6,1030.2,1079.3,1067.9,1076.1,1100.5,1109.4,1168.7,1237.9,1248.4,1291.4,1325.2,1438.1,1380.9,1323.8,1344.4,1361.4,1349.9,1359.9,1408.8,1390.5,1324.9,1256.1,1189.6,1183.1,1178.8,1182.7,1191.3,1197.3,1223.5,1284.4,1301.7,1358.1,1300.6,1298.5,1333.3,1463.8
Italy,,87,6342.9,7487.9,8482.6,9493.9,8624.5,9459.6,9318.9,9593.4,9897.3,10190.4,10507.0,11033.6,11332.1,12533.7,13948.9,14284.7,14825.7,15909.7,15628.4,15817.4,15611.7,16478.7,18519.3,20554.5,20521.0,20498.5,19086.6,19028.0,20361.0,21241.7,22604.1,22027.5,23165.0,25845.0,26409.9,27189.6,26918.1,28742.6,31273.8,33221.9,33484.1,32206.1,32660.1,31721.5,31890.6,31102.2,28405.7,31299.7,32819.4,33905.1,35231.4,37581.3,36964.1,37974.4,38283.3,38408.7,36952.4,35755.2,34735.0,36173.1,34987.4,33988.4,33284.6,30767.0,29588.8,26768.2,25645.5,28933.5,28981.2,30011.4,28611.3,35328.8,37010.4,36951.2,35923.5,37849.5,45440.2
Luxembourg,,88,28.9,42.3,60.6,98.5,110.4,126.6,137.7,88.1,93.6,90.8,84.9,55.3,60.6,73.6,70.1,90.5,89.8,90.6,73.6,65.1,66.6,67.6,68.7,76.3,83.7,90.3,95.9,103.0,100.9,109.7,113.0,131.2,135.8,137.1,140.2,140.9,137.1,144.3,165.2,188.5,172.5,179.6,198.3,207.0,188.7,208.1,203.1,209.7,226.5,243.0,246.6,251.7,315.7,281.7,298.0,313.1,316.8,310.1,321.6,178.5,196.9,196.3,197.6,194.6,199.0,165.0,190.8,198.6,249.2,316.0,364.9,398.1,364.2,502.6,596.6,618.8,802.6
Malta,,†‖,xxx,xxx,xxx,xxx,xxx,xxx,xxx,xxx,xxx,xxx,xxx,xxx,xxx,xxx,xxx,...,...,...,...,...,...,...,...,...,...,...,...,...,...,...,...,...,...,...,...,...,36.5,38.2,46.8,43.0,42.7,37.6,38.3,45.6,48.5,52.1,52.1,55.7,54.1,49.6,48.0,46.7,49.8,49.2,50.8,53.6,67.6,54.9,55.0,56.4,61.4,63.1,55.5,52.4,54.0,56.6,61.4,70.5,73.8,72.2,89.9,94.3,91.3,87.3,86.8,93.6,116.8
Netherlands,,,4255.9,5173.6,5437.4,6427.6,6822.1,7807.5,8221.9,8805.9,8259.4,7255.6,6523.6,7320.3,8418.3,8937.0,9127.7,9954.8,9596.5,9321.0,10330.2,10211.1,10674.0,10929.7,11430.4,11790.1,11973.9,12523.3,13164.2,12994.0,14481.8,13995.1,14840.5,14439.0,14586.4,15726.6,14417.2,14659.6,14496.2,14703.2,14969.3,14911.3,15052.3,14628.8,14221.1,14140.3,12993.9,12530.7,12175.0,12253.2,12132.9,12092.3,12686.2,12180.6,12501.4,12487.8,12668.2,12760.2,12782.7,13386.3,13566.7,13332.2,13619.9,13046.5,12608.1,11847.4,11035.0,11050.4,11023.7,11588.6,11841.9,12840.8,14241.3,15060.8,15553.7,15055.3,17213.8,23577.5,26995.3
Norway,,,951.5,835.3,1155.4,1541.3,1939.7,1985.9,1643.8,1606.0,1695.7,1578.3,1670.0,1589.9,1729.3,1910.3,1989.8,2017.8,2338.4,2324.5,2397.3,2541.1,2682.1,2689.5,2757.4,2756.3,2776.1,2850.7,3091.7,3165.5,3230.1,3449.7,3537.0,3570.7,3609.6,3750.4,3913.8,3769.6,4343.0,4205.8,4475.7,4265.7,4379.0,4414.3,4280.8,4639.1,4323.1,4545.6,4105.1,4161.3,4092.2,4363.3,4385.1,4239.6,4267.4,5128.3,4930.4,5055.4,4756.3,4747.2,5050.4,5078.7,5388.3,5304.1,5404.2,5502.6,5630.4,5874.4,5831.7,6052.4,6679.8,7037.5,7446.1,7544.0,7764.4,8466.1,8922.0,10792.1,16085.4
Portugal,,,650.0,699.3,726.4,793.4,918.3,965.4,1032.8,1025.2,1053.0,1076.7,1208.7,1257.5,2015.9,2291.6,2238.3,2440.0,2441.4,2572.4,3157.2,3323.7,3119.8,3471.5,3786.1,3793.7,3585.6,4203.6,2766.6,2215.8,2041.3,2061.9,2095.5,2271.6,2261.4,2265.0,2177.7,2026.7,2050.5,2305.9,2399.8,2664.8,2797.0,2875.4,2963.9,3043.5,2946.3,2866.2,3078.2,2969.5,3029.0,2966.3,3120.3,3213.4,3343.3,3434.5,3336.7,3569.4,3846.1,3711.0,3483.8,3561.6,3846.2,4013.7,3724.6,4027.1,3748.3,3395.4,3686.5,3791.8,3650.6,3607.8,3723.7,3646.5,4091.6,3830.7,3620.9,4524.1,5504.8
Spain,,89,3165.5,2967.5,2808.3,3559.4,3490.0,3507.3,3794.6,4026.7,4213.6,3696.9,3522.7,4228.5,4261.2,5204.2,4902.8,5602.4,5620.3,6756.1,6350.4,8413.0,9925.1,10007.2,9618.4,11461.8,11296.2,12504.9,11400.3,13506.4,13720.8,14285.2,15299.9,15864.3,16113.3,16687.1,18695.2,19150.8,19481.0,18212.3,19273.9,19486.2,19381.8,19660.2,18894.8,18432.3,17960.4,18145.7,18289.8,17712.3,17539.3,18406.9,20227.8,20905.3,20673.2,19162.8,19448.5,20329.0,20582.1,21256.2,22045.7,21924.5,21047.2,21183.7,19542.1,19763.6,17242.1,17216.7,18300.6,16969.5,18780.2,19506.0,19695.2,19701.9,21080.3,22690.8,25573.4,25199.8,37694.8
Sweden,,,...,...,...,...,...,...,...,...,...,...,...,3840.6,4029.9,4333.7,4621.1,4858.3,5150.4,5198.2,5066.8,5072.8,5340.1,5485.0,5606.6,5783.6,5801.9,5847.9,5995.4,5992.3,6036.7,6213.9,6446.2,6296.7,6189.2,6039.1,5969.9,6052.1,6141.7,6243.6,6661.6,6694.8,6773.3,6900.3,6500.5,6316.4,6297.9,6283.7,6298.2,6376.4,6049.3,6229.7,6465.5,6609.8,6271.7,6104.9,6060.5,5703.6,5777.7,5687.8,5836.9,5191.5,5091.3,5509.9,5180.8,5289.1,5319.8,5636.2,5696.7,5771.9,5771.7,5962.2,6489.1,6753.3,7443.8,8249.1,9070.9,12047.0,14954.1
Switzerland,,†¶90,...,...,...,...,...,...,...,...,4509.1,4804.6,4658.8,4363.4,5082.4,5618.4,5853.6,6343.3,6393.6,6719.6,6545.8,6235.2,6656.8,6848.3,7123.4,7256.7,7032.8,7005.1,6607.6,7486.2,7097.5,7109.1,7433.5,7393.6,7380.8,7688.8,7791.5,7873.2,8660.4,8208.9,7897.1,8250.1,8410.9,8920.3,8611.8,8362.1,7425.1,7357.8,7444.6,7044.6,6790.1,6774.2,6270.3,6176.7,6032.1,5773.9,5623.6,5519.3,5432.8,5171.4,5203.9,5330.4,5324.8,5143.4,5281.0,5184.2,5628.6,5099.6,5311.2,5524.4,5557.3,5596.7,6009.2,6526.1,6044.3,6325.8,6509.4,6536.3,7152.1
United Kingdom,,91,...,37971.7,44708.7,57192.2,63540.9,60324.4,57437.5,56375.0,54438.3,53011.1,52743.0,53833.6,53781.5,54471.9,55402.2,56902.8,57073.2,56768.6,58219.4,57390.1,54234.2,55863.4,55738.3,59288.2,59485.0,59501.2,62512.2,61596.1,58907.8,60780.4,62680.3,66837.7,65470.6,71379.3,74553.8,78251.2,78986.4,78010.9,77160.3,74426.9,75082.1,75189.1,76057.6,71040.0,67795.1,65929.8,61838.1,61246.9,59071.9,59264.9,58949.1,60135.9,62517.7,66234.3,70950.2,71830.6,72502.2,72834.8,74817.7,78093.2,79344.4,78010.8,75373.5,73280.5,70601.4,69339.0,66673.6,66441.1,66562.5,67063.5,69849.4,70958.9,72051.0,73189.3,78166.9,89814.6,87984.6
European Union,,†¶103,xxx,xxx,xxx,xxx,xxx,xxx,xxx,xxx,xxx,xxx,xxx,xxx,xxx,xxx,xxx,xxx,xxx,xxx,xxx,xxx,xxx,xxx,xxx,xxx,xxx,xxx,xxx,xxx,xxx,xxx,xxx,xxx,xxx,xxx,xxx,xxx,xxx,xxx,xxx,xxx,xxx,xxx,xxx,xxx,xxx,xxx,xxx,xxx,xxx,xxx,xxx,xxx,xxx,xxx,xxx,xxx,xxx,xxx,xxx,xxx,xxx,xxx,xxx,xxx,xxx,xxx,xxx,xxx,xxx,xxx,xxx,xxx,xxx,1006.5,1303.4,1187.7,1134.2
Middle East,,,,,,,,,,,,,,,,,,,,,,,,,,,,,,,,,,,,,,,,,,,,,,,,,,,,,,,,,,,,,,,,,,,,,,,,,,,,,,,
Bahrain,,8,xxx,xxx,xxx,xxx,xxx,xxx,xxx,xxx,xxx,xxx,xxx,xxx,xxx,xxx,xxx,xxx,xxx,xxx,xxx,xxx,xxx,xxx,83.3,79.3,84.4,105.4,56.7,74.1,96.8,235.1,306.6,324.7,397.7,474.8,272.0,243.6,254.2,276.7,281.6,326.9,338.6,368.2,401.9,427.0,416.5,421.0,436.7,465.6,454.6,467.5,523.3,519.3,545.1,653.5,747.3,752.7,708.0,776.4,841.4,910.7,1019.1,1017.2,1252.3,1394.0,1538.3,1640.6,1574.5,1599.3,1605.9,1567.9,1582.8,1461.3,1504.4,1614.0,1637.3,1384.0,1463.8
Egypt,,§¶,...,...,...,...,...,...,...,...,...,...,...,...,...,1178.2,1690.5,2178.1,2178.7,1868.8,1957.7,2540.6,3367.3,3988.2,4481.4,3695.5,3754.7,4998.2,4739.8,4909.1,5441.4,4425.5,3341.4,3266.0,3951.5,4369.4,4901.5,5216.6,5227.0,4745.6,4030.7,3174.6,2559.2,2520.2,2536.4,2485.7,2412.6,2530.2,2490.3,2521.7,2581.2,2598.8,2607.4,2787.3,3363.8,3797.9,3880.7,3671.6,3664.4,3749.5,3776.0,3516.5,3413.1,3412.2,3313.7,3224.3,3196.3,3489.1,3699.0,3484.9,2940.5,2889.2,2999.5,3237.0,3501.1,3380.9,2746.6,2398.4,2259.2
Iran,,92,...,...,...,...,...,...,...,...,...,...,...,324.3,337.5,347.6,405.6,471.8,594.3,763.9,971.9,1275.1,1593.1,1716.9,1069.0,928.9,994.4,6892.8,9372.8,10561.8,8844.5,8415.7,4688.0,3800.8,5655.1,6076.0,5699.0,4967.0,5190.3,4157.5,3813.9,3525.7,2607.6,2315.2,2087.4,1811.6,2121.5,2618.2,2568.4,2832.2,3159.2,3161.6,3197.8,3520.6,3919.2,4218.6,4923.7,6362.7,7566.0,9059.5,8330.8,8014.7,8385.7,8532.8,7364.4,7667.2,6174.5,6156.4,6545.8,7514.8,8455.2,7513.1,6286.2,6538.2,7946.3,8357.3,8829.0,7891.9,7450.5
Iraq,,§¶93,...,...,...,...,...,...,...,...,216.9,233.4,273.3,313.1,327.9,348.5,405.1,460.1,563.3,575.0,555.6,675.6,824.3,842.5,856.1,827.7,1026.0,2016.8,2048.9,2011.3,2100.3,1986.0,...,...,...,...,...,...,...,...,...,...,...,...,...,...,...,...,...,...,...,...,...,...,...,...,...,1966.6,2654.6,1905.5,2916.3,3855.1,3674.5,4140.8,4462.0,4057.3,7481.2,6511.9,8919.2,5582.9,6934.3,5890.8,7139.7,5303.9,5107.8,4822.8,5070.7,6335.8,6398.6
Israel,,94,...,...,...,424.5,403.5,493.7,687.2,1325.0,1170.7,1100.4,1167.2,1268.6,1509.7,1936.2,2313.4,2363.7,2472.9,2740.6,4466.0,5659.2,6980.3,9502.7,10273.0,10416.3,15342.3,15736.3,17386.4,16078.8,13722.2,14912.4,13269.4,14063.4,16503.3,15284.9,13607.1,14799.6,13974.8,13039.7,15939.1,16052.8,12688.4,13399.8,18204.2,13741.8,15111.5,14347.3,13138.1,13376.1,13398.2,13202.6,12928.3,13712.4,14279.9,14352.4,14073.7,14645.8,14887.3,15164.7,16937.1,17190.1,16845.2,16912.3,16641.5,16952.4,17590.5,18909.1,19246.4,19873.5,21069.3,21331.6,21577.5,22281.7,23075.3,22215.7,27692.1,45921.5,43663.7
Jordan,,†,...,...,...,...,...,...,...,...,...,...,...,...,...,...,...,...,...,...,1024.7,1250.0,1140.07781962201,938.8,886.6,980.6,945.4,841.2,825.5,1252.6,967.0,974.5,1098.3,1021.4,1109.0,1167.5,1193.1,1148.9,1255.0,1388.1,1390.9,1310.6,1042.5,872.8,1112.4,906.5,951.1,966.3,695.6,920.6,950.8,1030.7,1056.5,1085.0,1065.3,1032.1,1190.7,1104.7,1098.2,1201.2,1687.7,1950.1,2269.3,2150.1,2113.0,1867.1,1747.5,1820.4,1914.8,2114.5,2243.4,2167.5,2232.8,2251.5,2352.2,2420.3,2500.4,2533.2,2500.5
Kuwait,,95,...,...,...,...,...,...,...,...,...,...,...,...,...,...,...,...,...,...,...,...,...,...,...,719.2,901.4,2220.8,...,...,3370.6,2934.8,3288.5,3245.9,3417.1,4038.1,4330.4,4470.6,4212.1,3785.2,3720.7,4680.7,5810.5,22418.8,29216.8,14808.4,7164.9,7601.5,8337.0,7090.1,5402.2,5040.1,4897.3,5717.7,5619.3,5798.6,6249.1,6726.1,6509.3,6434.9,6835.1,6293.2,6118.2,6006.0,6863.0,7427.0,7026.9,7013.2,7063.7,7724.5,7967.0,8361.1,8558.5,7968.6,9821.5,8781.5,7996.6,7798.6,7919.2
Lebanon,,§106,...,...,...,...,...,...,...,...,...,...,...,...,...,...,...,...,...,...,...,...,...,...,...,...,...,...,...,...,...,...,...,2786.2,2191.2,1330.1,2368.0,2790.5,1991.3,1553.2,386.6,293.6,...,934.9,890.3,1586.1,1322.5,1659.1,1699.6,1491.4,1250.0,1204.8,1429.3,1607.5,1662.9,1547.1,1554.5,1580.6,1605.3,1594.0,1749.3,1603.1,1931.9,2065.2,2018.5,2046.0,2150.2,2475.6,2537.3,2976.5,2672.2,2864.3,2525.9,1041.3,407.3,345.0,400.2,635.5,736.4
Oman,,‡96,...,...,...,...,...,...,...,...,...,...,...,...,...,...,...,...,...,...,...,...,...,...,377.6,635.3,684.4,731.4,1511.5,1617.4,1551.3,2037.8,1591.5,1591.2,1918.1,2082.1,2455.5,2875.7,3064.6,2541.2,2176.0,2160.3,2168.9,2436.6,2018.8,2417.8,2268.9,2411.0,2428.6,2294.2,2374.4,2102.9,2127.5,2533.6,2947.5,3034.6,3191.0,3592.1,4328.0,4612.7,4678.6,4443.0,4176.2,4409.5,5772.7,10373.0,9728.2,9022.5,8270.2,8616.3,7269.8,8014.2,6905.8,6452.1,6020.5,5873.1,5886.5,5988.3,5934.9
Qatar,,§102,xxx,xxx,xxx,xxx,xxx,xxx,xxx,xxx,xxx,xxx,xxx,xxx,xxx,xxx,xxx,xxx,xxx,xxx,xxx,xxx,xxx,xxx,...,...,...,...,...,...,...,...,...,2347.0,3698.1,4845.1,2909.2,2781.0,4768.8,...,2609.0,2831.8,2367.2,2142.1,2323.4,...,...,...,...,...,...,...,...,...,...,1548.6,1561.3,1439.1,1519.7,1631.7,2102.6,2711.1,2395.8,2365.1,...,...,...,...,...,...,...,...,...,...,12700.0,16079.9,...,...,...
Saudi Arabia,,97,...,...,...,...,...,...,...,...,...,...,...,...,...,...,929.2,981.6,1406.9,2341.4,2566.3,2544.6,3116.8,3417.3,4061.7,5698.5,7358.4,...,...,...,21620.5,24513.4,31509.7,35223.7,41017.7,45697.9,37104.1,39850.0,32907.7,...,29277.6,26795.9,25320.9,31820.6,30345.5,28521.0,30227.5,26090.4,22998.4,22961.3,31182.4,36020.9,32060.1,35335.0,37637.3,33036.3,33271.2,36919.4,44583.6,50787.0,58500.4,57416.5,59005.4,61413.3,62247.4,70446.9,80732.3,95153.3,101480.5,72621.1,80969.7,83749.1,74252.7,70946.5,67383.6,73795.3,79078.0,80330.7,81470.7
Syria,,§,...,...,...,...,...,...,...,...,...,...,...,...,...,...,...,...,...,...,...,...,...,...,...,...,...,...,...,...,...,...,...,...,...,...,...,...,...,...,...,...,...,...,...,...,...,...,...,...,...,...,...,...,...,...,...,...,...,...,...,...,...,...,...,...,...,...,...,...,...,...,...,...,...,...,...,...,...
Türkiye,,‖105,...,...,...,...,1142.7,1155.8,1168.7,1082.1,1005.4,976.6,1162.1,1281.4,1440.8,1534.6,1576.7,1691.1,1771.8,1775.5,1912.9,2138.6,2073.3,2299.8,2635.4,2769.9,2936.8,3292.7,5758.1,6049.7,5825.0,5333.9,4732.7,4905.3,5534.3,6050.2,5724.5,5564.9,5903.9,6633.4,6335.1,5580.0,6456.4,7801.5,8019.7,8435.5,9326.5,9118.4,9367.5,10483.9,10926.4,11449.0,12641.4,12234.1,11215.3,11933.0,11097.2,10312.7,9939.6,10404.5,10032.3,10176.7,10889.2,10696.5,10788.3,11053.0,11351.3,11434.1,11765.7,13794.5,14805.9,18792.8,19977.3,16980.8,17277.7,18511.7,22059.6,25012.2,26813.0
United Arab Emirates,,§98,xxx,xxx,xxx,xxx,xxx,xxx,xxx,xxx,xxx,xxx,xxx,xxx,xxx,xxx,xxx,xxx,xxx,xxx,xxx,xxx,xxx,xxx,...,...,...,...,...,...,...,...,...,...,...,...,...,...,...,...,...,...,...,...,...,...,...,...,...,...,7682.2,9058.6,9365.1,12826.6,12311.9,11047.0,11674.5,12985.1,11846.1,11760.7,12496.5,15222.9,17922.2,22476.5,24415.7,24055.7,29468.1,27807.6,...,...,...,...,...,...,...,...,...,...,...
"Yemen, North",,§100,...,...,...,...,...,...,...,...,...,...,...,...,...,...,...,...,...,...,...,...,...,...,...,...,...,...,...,...,...,...,...,...,...,...,...,...,...,...,...,12062.7,11599.9,xxx,xxx,xxx,xxx,xxx,xxx,xxx,xxx,xxx,xxx,xxx,xxx,xxx,xxx,xxx,xxx,xxx,xxx,xxx,xxx,xxx,xxx,xxx,xxx,xxx,xxx,xxx,xxx,xxx,xxx,xxx,xxx,xxx,xxx,xxx,xxx
Yemen,,§99,xxx,xxx,xxx,xxx,xxx,xxx,xxx,xxx,xxx,xxx,xxx,xxx,xxx,xxx,xxx,xxx,xxx,xxx,xxx,xxx,xxx,xxx,xxx,xxx,xxx,xxx,xxx,xxx,xxx,xxx,xxx,xxx,xxx,xxx,xxx,xxx,xxx,xxx,xxx,xxx,xxx,15479.5,14500.8,14242.1,12326.0,12645.1,9495.1,8142.5,10198.3,9305.8,10158.9,11394.1,12108.1,15335.0,15823.8,12908.0,13503.7,12634.9,15106.4,14519.5,16887.9,16761.1,15198.1,13923.2,12810.9,12319.2,...,...,...,...,...,...,...,...,...,...,...
